{
"r_time": 4743831.5033151712, 
"quing_time": 1483766.4231114895, 
"mc_wait_time": 3241119.9631401217, 
"nt_service_time": 1969.9541940105291, 
"wt_preprocess_time": 3262.8683107469551, 
"wt_service_time": 3262.8683107469551, 
"wt_postprocess_time": 3241119.9631401217, 
"avg_q_len": 13.952133040389636, 
"tps": 9447.6142857142859
}