{
"r_time": 2411972.927642961, 
"quing_time": 28164.006314689246, 
"mc_wait_time": 2366734.9592058598, 
"nt_service_time": 1307.9814847179912, 
"wt_preprocess_time": 5048.1113079324614, 
"wt_service_time": 5048.1113079324614, 
"wt_postprocess_time": 2366734.9592058598, 
"avg_q_len": 0.62045019428364279, 
"tps": 1261.042857142857
}