{
"r_time": 8877957.9203843623, 
"quing_time": 6431229.8569632946, 
"mc_wait_time": 2431758.1899598064, 
"nt_service_time": 1165.8766518194313, 
"wt_preprocess_time": 3454.9332368957903, 
"wt_service_time": 3454.9332368957903, 
"wt_postprocess_time": 2431758.1899598064, 
"avg_q_len": 20.14159195786268, 
"tps": 3677.7714285714283
}