{
"r_time": 8290650.6084914384, 
"quing_time": 5851598.8148307065, 
"mc_wait_time": 2423560.9011916472, 
"nt_service_time": 1105.7320112385132, 
"wt_preprocess_time": 3439.9739227934588, 
"wt_service_time": 3439.9739227934588, 
"wt_postprocess_time": 2423560.9011916472, 
"avg_q_len": 38.605955091290568, 
"tps": 7360.3285714285712
}