{
"r_time": 2447337.1519593671, 
"quing_time": 16080.536852034375, 
"mc_wait_time": 2416285.9166142615, 
"nt_service_time": 1271.9724204413337, 
"wt_preprocess_time": 1913.3788720889718, 
"wt_service_time": 1913.3788720889718, 
"wt_postprocess_time": 2416285.9166142615, 
"avg_q_len": 0.054743312842664892, 
"tps": 687.88571428571424
}