{
"r_time": 3608998.9252337813, 
"quing_time": 1179016.0406190311, 
"mc_wait_time": 2416156.5002221726, 
"nt_service_time": 1180.1856924119816, 
"wt_preprocess_time": 1451.6245731132644, 
"wt_service_time": 1451.6245731132644, 
"wt_postprocess_time": 2416156.5002221726, 
"avg_q_len": 4.4187903579712868, 
"tps": 3645.9428571428571
}