{
"r_time": 2363083.4097267604, 
"quing_time": 64950.574454515576, 
"mc_wait_time": 2282674.425966911, 
"nt_service_time": 1404.0547384404936, 
"wt_preprocess_time": 1588.7996783808858, 
"wt_service_time": 1588.7996783808858, 
"wt_postprocess_time": 2282674.425966911, 
"avg_q_len": 1.8972512889349888, 
"tps": 2341.3571428571431
}