{
"r_time": 3957503.3396716379, 
"quing_time": 1492844.5732349609, 
"mc_wait_time": 2452146.9730587406, 
"nt_service_time": 1072.6124088405054, 
"wt_preprocess_time": 1354.0053764052518, 
"wt_service_time": 1354.0053764052518, 
"wt_postprocess_time": 2452146.9730587406, 
"avg_q_len": 4.5239319659433521, 
"tps": 3605.7571428571428
}