{
"r_time": 2386470.1930652708, 
"quing_time": 19755.865813453784, 
"mc_wait_time": 2354188.87172224, 
"nt_service_time": 1228.1703675751805, 
"wt_preprocess_time": 1527.0201951913396, 
"wt_service_time": 1527.0201951913396, 
"wt_postprocess_time": 2354188.87172224, 
"avg_q_len": 0.34471007225167327, 
"tps": 1395.9142857142856
}