{
"r_time": 2572610.0561193516, 
"quing_time": 45572.291570875575, 
"mc_wait_time": 2513193.8079656791, 
"nt_service_time": 1358.9756639038796, 
"wt_preprocess_time": 3254.7340300911519, 
"wt_service_time": 3254.7340300911519, 
"wt_postprocess_time": 2513193.8079656791, 
"avg_q_len": 0.81292275620412058, 
"tps": 1288.3142857142857
}