{
"r_time": 8224864.7065806547, 
"quing_time": 5796184.4676740412, 
"mc_wait_time": 2415755.0366718797, 
"nt_service_time": 1137.9048299311785, 
"wt_preprocess_time": 1345.1295564257566, 
"wt_service_time": 1345.1295564257566, 
"wt_postprocess_time": 2415755.0366718797, 
"avg_q_len": 38.349790426968568, 
"tps": 7341.4571428571426
}