{
"r_time": 2446218.0390614392, 
"quing_time": 23643.15082207993, 
"mc_wait_time": 2408390.3573625227, 
"nt_service_time": 1303.491142779741, 
"wt_preprocess_time": 2004.5483678649266, 
"wt_service_time": 2004.5483678649266, 
"wt_postprocess_time": 2408390.3573625227, 
"avg_q_len": 0.50056935697520388, 
"tps": 1229.457142857143
}