{
"r_time": 37791744.569895789, 
"quing_time": 35352712.862063631, 
"mc_wait_time": 2424293.4230406922, 
"nt_service_time": 1111.4575057437967, 
"wt_preprocess_time": 1606.0540248790251, 
"wt_service_time": 1606.0540248790251, 
"wt_postprocess_time": 2424293.4230406922, 
"avg_q_len": 115.52574665889681, 
"tps": 3701.7285714285717
}