{
"r_time": 2374773.0216790689, 
"quing_time": 22086.63894403122, 
"mc_wait_time": 2341260.6629260872, 
"nt_service_time": 1326.0314981328095, 
"wt_preprocess_time": 1912.8515457582403, 
"wt_service_time": 1912.8515457582403, 
"wt_postprocess_time": 2341260.6629260872, 
"avg_q_len": 0.37940340618674734, 
"tps": 1397.457142857143
}