{
"r_time": 18138317.587673128, 
"quing_time": 15712351.228720434, 
"mc_wait_time": 2412150.9392903927, 
"nt_service_time": 1154.5014827689897, 
"wt_preprocess_time": 1327.5988483943318, 
"wt_service_time": 1327.5988483943318, 
"wt_postprocess_time": 2412150.9392903927, 
"avg_q_len": 51.824693418252522, 
"tps": 3732.4000000000001
}