{
"r_time": 2479166.891475575, 
"quing_time": 27620.839671490241, 
"mc_wait_time": 2437526.4223216716, 
"nt_service_time": 1247.4990677684414, 
"wt_preprocess_time": 1902.8137774695742, 
"wt_service_time": 1902.8137774695742, 
"wt_postprocess_time": 2437526.4223216716, 
"avg_q_len": 0.59827479975354281, 
"tps": 1321.5857142857144
}