{
"r_time": 6803105.9629766159, 
"quing_time": 2083679.878453413, 
"mc_wait_time": 4700543.1814284194, 
"nt_service_time": 2057.0799416622463, 
"wt_preprocess_time": 2924.7798050617885, 
"wt_service_time": 2924.7798050617885, 
"wt_postprocess_time": 4700543.1814284194, 
"avg_q_len": 25.179690227676272, 
"tps": 10515.557142857142
}