{
"r_time": 2375241.3968924917, 
"quing_time": 21941.412299538948, 
"mc_wait_time": 2339126.4985002289, 
"nt_service_time": 1298.8205352377745, 
"wt_preprocess_time": 2755.742746174089, 
"wt_service_time": 2755.742746174089, 
"wt_postprocess_time": 2339126.4985002289, 
"avg_q_len": 0.46685138426474204, 
"tps": 1278.6571428571428
}