{
"r_time": 2369645.5006306442, 
"quing_time": 15828.811516988733, 
"mc_wait_time": 2336561.9224813096, 
"nt_service_time": 1367.6256493608666, 
"wt_preprocess_time": 5470.1824689417081, 
"wt_service_time": 5470.1824689417081, 
"wt_postprocess_time": 2336561.9224813096, 
"avg_q_len": 0.082934765563744711, 
"tps": 728.79999999999995
}