{
"r_time": 39125209.461232312, 
"quing_time": 36616839.374830365, 
"mc_wait_time": 2495196.0501210145, 
"nt_service_time": 1124.2972206822531, 
"wt_preprocess_time": 1365.3327142007574, 
"wt_service_time": 1365.3327142007574, 
"wt_postprocess_time": 2495196.0501210145, 
"avg_q_len": 115.94210578545201, 
"tps": 3598.9285714285716
}