{
"r_time": 2326306.5627797516, 
"quing_time": 29040.090612244399, 
"mc_wait_time": 2279280.0524846776, 
"nt_service_time": 1306.8806240975809, 
"wt_preprocess_time": 8103.6437649881073, 
"wt_service_time": 8103.6437649881073, 
"wt_postprocess_time": 2279280.0524846776, 
"avg_q_len": 0.69978714438525791, 
"tps": 1322.1571428571428
}