{
"r_time": 4040547.4840097623, 
"quing_time": 1192318.6422826331, 
"mc_wait_time": 2830515.4361968068, 
"nt_service_time": 1787.1516969130168, 
"wt_preprocess_time": 1667.5951903829077, 
"wt_service_time": 1667.5951903829077, 
"wt_postprocess_time": 2830515.4361968068, 
"avg_q_len": 13.842236645032452, 
"tps": 9786.0857142857149
}