{
"r_time": 2375860.8246249026, 
"quing_time": 25619.978534243062, 
"mc_wait_time": 2335813.4951695371, 
"nt_service_time": 1333.4374231543388, 
"wt_preprocess_time": 2396.8672252424749, 
"wt_service_time": 2396.8672252424749, 
"wt_postprocess_time": 2335813.4951695371, 
"avg_q_len": 0.6311012102673228, 
"tps": 1288.9714285714285
}