{
"r_time": 2364204.9453891446, 
"quing_time": 18491.611097786194, 
"mc_wait_time": 2331220.8509343066, 
"nt_service_time": 1422.7467981958271, 
"wt_preprocess_time": 4412.4560163557162, 
"wt_service_time": 4412.4560163557162, 
"wt_postprocess_time": 2331220.8509343066, 
"avg_q_len": 0.087718265646458696, 
"tps": 728.14285714285711
}