{
"r_time": 3523897.8605296421, 
"quing_time": 1112036.8925596885, 
"mc_wait_time": 2398300.1675953204, 
"nt_service_time": 1161.9035832654563, 
"wt_preprocess_time": 1380.9113057728064, 
"wt_service_time": 1380.9113057728064, 
"wt_postprocess_time": 2398300.1675953204, 
"avg_q_len": 8.2089461923312701, 
"tps": 7224.1428571428569
}