{
"r_time": 2417034.2918205988, 
"quing_time": 22372.332959164221, 
"mc_wait_time": 2380655.0504558133, 
"nt_service_time": 1247.2569038130209, 
"wt_preprocess_time": 1987.173857801143, 
"wt_service_time": 1987.173857801143, 
"wt_postprocess_time": 2380655.0504558133, 
"avg_q_len": 0.39772621159772154, 
"tps": 1223.8857142857144
}