{
"r_time": 8241653.2573263636, 
"quing_time": 5803659.8271902055, 
"mc_wait_time": 2422672.6998114646, 
"nt_service_time": 1151.24919317481, 
"wt_preprocess_time": 3197.4057838406352, 
"wt_service_time": 3197.4057838406352, 
"wt_postprocess_time": 2422672.6998114646, 
"avg_q_len": 38.209919497486851, 
"tps": 7341.3857142857141
}