{
"r_time": 2376521.1125219511, 
"quing_time": 24192.211921680697, 
"mc_wait_time": 2336244.2468307521, 
"nt_service_time": 1256.0307892538397, 
"wt_preprocess_time": 5435.9767863932329, 
"wt_service_time": 5435.9767863932329, 
"wt_postprocess_time": 2336244.2468307521, 
"avg_q_len": 0.50384319369896147, 
"tps": 1429.2428571428572
}