{
"r_time": 2724190.8221782297, 
"quing_time": 164950.17728186969, 
"mc_wait_time": 2543166.2261506752, 
"nt_service_time": 1864.6474424919893, 
"wt_preprocess_time": 2657.822441776173, 
"wt_service_time": 2657.822441776173, 
"wt_postprocess_time": 2543166.2261506752, 
"avg_q_len": 4.8939384498710217, 
"tps": 8024.5857142857149
}