{
"r_time": 2304041.1571301548, 
"quing_time": 56034.699972469913, 
"mc_wait_time": 2232272.7043152517, 
"nt_service_time": 1401.9723187445145, 
"wt_preprocess_time": 3609.8778828730992, 
"wt_service_time": 3609.8778828730992, 
"wt_postprocess_time": 2232272.7043152517, 
"avg_q_len": 1.7136499646373973, 
"tps": 2625.8571428571427
}