{
"r_time": 4397540.1058313912, 
"quing_time": 1445170.2358409143, 
"mc_wait_time": 2936045.4668813962, 
"nt_service_time": 1475.6164047316424, 
"wt_preprocess_time": 3169.6654170893898, 
"wt_service_time": 3169.6654170893898, 
"wt_postprocess_time": 2936045.4668813962, 
"avg_q_len": 14.467365785371653, 
"tps": 10429.457142857143
}