{
"r_time": 2404495.5840786733, 
"quing_time": 20106.009237155558, 
"mc_wait_time": 2370391.8134309337, 
"nt_service_time": 1213.1261793685737, 
"wt_preprocess_time": 3592.4603709918574, 
"wt_service_time": 3592.4603709918574, 
"wt_postprocess_time": 2370391.8134309337, 
"avg_q_len": 0.35646493282386293, 
"tps": 1390.8
}