{
"r_time": 2402329.2604374713, 
"quing_time": 132732.82772400012, 
"mc_wait_time": 2255343.4332096446, 
"nt_service_time": 1232.4218351314203, 
"wt_preprocess_time": 1932.4894018155715, 
"wt_service_time": 1932.4894018155715, 
"wt_postprocess_time": 2255343.4332096446, 
"avg_q_len": 3.494077074666083, 
"tps": 5219.4285714285716
}