{
"r_time": 2272361.0242371853, 
"quing_time": 104770.09864777178, 
"mc_wait_time": 2153191.2690258897, 
"nt_service_time": 1237.5140359215925, 
"wt_preprocess_time": 1970.1511189761145, 
"wt_service_time": 1970.1511189761145, 
"wt_postprocess_time": 2153191.2690258897, 
"avg_q_len": 3.6107265228160612, 
"tps": 5115.7571428571428
}