{
"r_time": 2952822.1423171209, 
"quing_time": 188186.95331539738, 
"mc_wait_time": 2746297.4381919028, 
"nt_service_time": 2011.1802093202946, 
"wt_preprocess_time": 2869.2189370847886, 
"wt_service_time": 2869.2189370847886, 
"wt_postprocess_time": 2746297.4381919028, 
"avg_q_len": 4.8839981029626687, 
"tps": 7379.9285714285706
}