{
"r_time": 2359854.6994577809, 
"quing_time": 74225.886557775608, 
"mc_wait_time": 2270588.0068351114, 
"nt_service_time": 1357.8297618419665, 
"wt_preprocess_time": 1938.283038775643, 
"wt_service_time": 1938.283038775643, 
"wt_postprocess_time": 2270588.0068351114, 
"avg_q_len": 2.1385618578693082, 
"tps": 2477.8000000000002
}