{
"r_time": 4056192.057000774, 
"quing_time": 304328.55082447827, 
"mc_wait_time": 3735154.3749212986, 
"nt_service_time": 2312.3928141637934, 
"wt_preprocess_time": 2527.0018524261886, 
"wt_service_time": 2527.0018524261886, 
"wt_postprocess_time": 3735154.3749212986, 
"avg_q_len": 8.5818759092160448, 
"tps": 10222.700000000001
}