{
"r_time": 3867927.4300326291, 
"quing_time": 1448236.8057116107, 
"mc_wait_time": 2406629.1213321108, 
"nt_service_time": 1133.6869470681002, 
"wt_preprocess_time": 2642.3778205942194, 
"wt_service_time": 2642.3778205942194, 
"wt_postprocess_time": 2406629.1213321108, 
"avg_q_len": 8.7042760414402096, 
"tps": 7228.3142857142857
}