{
"r_time": 3972409.2635726179, 
"quing_time": 1551430.3238160969, 
"mc_wait_time": 2406850.9760190574, 
"nt_service_time": 1088.6024672087658, 
"wt_preprocess_time": 2846.9584489177796, 
"wt_service_time": 2846.9584489177796, 
"wt_postprocess_time": 2406850.9760190574, 
"avg_q_len": 4.556986155817369, 
"tps": 3657.0285714285715
}