{
"r_time": 3512458.5779858856, 
"quing_time": 347037.05325283518, 
"mc_wait_time": 3148315.3427755688, 
"nt_service_time": 1965.496450904112, 
"wt_preprocess_time": 1632.9987524293567, 
"wt_service_time": 1632.9987524293567, 
"wt_postprocess_time": 3148315.3427755688, 
"avg_q_len": 9.4140592234588585, 
"tps": 10014.371428571429
}