{
"r_time": 2391240.6818144778, 
"quing_time": 70420.982110758137, 
"mc_wait_time": 2305476.3716190387, 
"nt_service_time": 1321.8918991104804, 
"wt_preprocess_time": 3888.871290495521, 
"wt_service_time": 3888.871290495521, 
"wt_postprocess_time": 2305476.3716190387, 
"avg_q_len": 2.0026679311548703, 
"tps": 2741.5571428571429
}