{
"r_time": 8502528.7253899835, 
"quing_time": 6067100.2598335966, 
"mc_wait_time": 2421226.6755879433, 
"nt_service_time": 1138.8360472222832, 
"wt_preprocess_time": 2501.4163971586813, 
"wt_service_time": 2501.4163971586813, 
"wt_postprocess_time": 2421226.6755879433, 
"avg_q_len": 20.021138759167616, 
"tps": 3689.2285714285717
}