{
"r_time": 36618690.767276794, 
"quing_time": 34260625.305105604, 
"mc_wait_time": 2342788.3663059883, 
"nt_service_time": 1161.2981733031797, 
"wt_preprocess_time": 2973.1478979808135, 
"wt_service_time": 2973.1478979808135, 
"wt_postprocess_time": 2342788.3663059883, 
"avg_q_len": 115.76354886272631, 
"tps": 3817.4000000000001
}