{
"r_time": 2371804.8425177415, 
"quing_time": 69618.814518316882, 
"mc_wait_time": 2286211.5434154808, 
"nt_service_time": 1284.4156076108518, 
"wt_preprocess_time": 4169.2546233156272, 
"wt_service_time": 4169.2546233156272, 
"wt_postprocess_time": 2286211.5434154808, 
"avg_q_len": 1.9611914298827555, 
"tps": 2739.0857142857139
}