{
"r_time": 2908036.6573999724, 
"quing_time": 183255.52937509224, 
"mc_wait_time": 2708461.6713803834, 
"nt_service_time": 2383.4874479481769, 
"wt_preprocess_time": 2626.214750895324, 
"wt_service_time": 2626.214750895324, 
"wt_postprocess_time": 2708461.6713803834, 
"avg_q_len": 4.6673213982090225, 
"tps": 8065.8285714285712
}