{
"r_time": 2820077.2059897259, 
"quing_time": 184563.82705376085, 
"mc_wait_time": 2619008.168078959, 
"nt_service_time": 2064.8449117030532, 
"wt_preprocess_time": 1840.0752537603494, 
"wt_service_time": 1840.0752537603494, 
"wt_postprocess_time": 2619008.168078959, 
"avg_q_len": 5.0133839635612008, 
"tps": 7637.0714285714294
}