{
"r_time": 2368893.8324341616, 
"quing_time": 103584.67844017214, 
"mc_wait_time": 2251418.5727766789, 
"nt_service_time": 1305.2304934709789, 
"wt_preprocess_time": 2552.1199874893732, 
"wt_service_time": 2552.1199874893732, 
"wt_postprocess_time": 2251418.5727766789, 
"avg_q_len": 2.9613661193533574, 
"tps": 5413.4571428571435
}