{
"r_time": 2376842.479087722, 
"quing_time": 84743.998768937745, 
"mc_wait_time": 2276691.6232881895, 
"nt_service_time": 1558.9941086278186, 
"wt_preprocess_time": 3170.1784836357024, 
"wt_service_time": 3170.1784836357024, 
"wt_postprocess_time": 2276691.6232881895, 
"avg_q_len": 2.8663470645664244, 
"tps": 4901.9285714285716
}