{
"r_time": 2351525.8332974203, 
"quing_time": 28278.358825503492, 
"mc_wait_time": 2307830.6862366525, 
"nt_service_time": 1248.5312202533205, 
"wt_preprocess_time": 3655.8607765481347, 
"wt_service_time": 3655.8607765481347, 
"wt_postprocess_time": 2307830.6862366525, 
"avg_q_len": 0.70539744847890085, 
"tps": 1310.1428571428571
}