{
"r_time": 2397843.0559393778, 
"quing_time": 18871.627231881124, 
"mc_wait_time": 2364523.4546416416, 
"nt_service_time": 1388.4930665276961, 
"wt_preprocess_time": 2792.9924955439565, 
"wt_service_time": 2792.9924955439565, 
"wt_postprocess_time": 2364523.4546416416, 
"avg_q_len": 0.14410917240275331, 
"tps": 713.94285714285718
}