{
"r_time": 2416278.5073094144, 
"quing_time": 20914.393218509045, 
"mc_wait_time": 2382893.202532249, 
"nt_service_time": 1386.1049367959904, 
"wt_preprocess_time": 1442.2480714082435, 
"wt_service_time": 1442.2480714082435, 
"wt_postprocess_time": 2382893.202532249, 
"avg_q_len": 0.36200082643752451, 
"tps": 1348.3
}