{
"r_time": 8411904.1631917953, 
"quing_time": 5988523.4635555223, 
"mc_wait_time": 2408784.9869850259, 
"nt_service_time": 1180.935810569923, 
"wt_preprocess_time": 1519.0602095557717, 
"wt_service_time": 1519.0602095557717, 
"wt_postprocess_time": 2408784.9869850259, 
"avg_q_len": 19.99669038557008, 
"tps": 3712.1285714285714
}