{
"r_time": 2428242.1351774679, 
"quing_time": 26461.075909869302, 
"mc_wait_time": 2385715.7492406894, 
"nt_service_time": 1264.7365209767777, 
"wt_preprocess_time": 4906.0094334813693, 
"wt_service_time": 4906.0094334813693, 
"wt_postprocess_time": 2385715.7492406894, 
"avg_q_len": 0.60138678900995779, 
"tps": 1370.0714285714287
}