{
"r_time": 2417235.5544598633, 
"quing_time": 17474.870007656496, 
"mc_wait_time": 2383878.1587273367, 
"nt_service_time": 1523.4610869731946, 
"wt_preprocess_time": 4551.5948622215064, 
"wt_service_time": 4551.5948622215064, 
"wt_postprocess_time": 2383878.1587273367, 
"avg_q_len": 0.10161826645976502, 
"tps": 644.42857142857133
}