{
"r_time": 2502441.0105759231, 
"quing_time": 82020.953959321239, 
"mc_wait_time": 2406642.2893470526, 
"nt_service_time": 1813.5195324798656, 
"wt_preprocess_time": 1448.3638433015935, 
"wt_service_time": 1448.3638433015935, 
"wt_postprocess_time": 2406642.2893470526, 
"avg_q_len": 2.4385164998340407, 
"tps": 4906.5428571428574
}