{
"r_time": 3001198.318852338, 
"quing_time": 226870.93980370712, 
"mc_wait_time": 2757488.7863181941, 
"nt_service_time": 2066.9763434050519, 
"wt_preprocess_time": 1839.7215192565895, 
"wt_service_time": 1839.7215192565895, 
"wt_postprocess_time": 2757488.7863181941, 
"avg_q_len": 5.3691024283298958, 
"tps": 7689.0
}