{
"r_time": 2345226.672724932, 
"quing_time": 76173.968735407208, 
"mc_wait_time": 2254081.8404068924, 
"nt_service_time": 1284.1673806201215, 
"wt_preprocess_time": 1524.5026568453827, 
"wt_service_time": 1524.5026568453827, 
"wt_postprocess_time": 2254081.8404068924, 
"avg_q_len": 2.2072271934589325, 
"tps": 2498.5
}