{
"r_time": 2276999.4825533056, 
"quing_time": 15859.64427475039, 
"mc_wait_time": 2246718.9400846926, 
"nt_service_time": 1474.8617049376344, 
"wt_preprocess_time": 2859.1575646676229, 
"wt_service_time": 2859.1575646676229, 
"wt_postprocess_time": 2246718.9400846926, 
"avg_q_len": 0.10191227961132865, 
"tps": 689.52857142857135
}