{
"r_time": 2428472.0420594951, 
"quing_time": 73846.180143905134, 
"mc_wait_time": 2340916.9983305847, 
"nt_service_time": 1347.7092471349147, 
"wt_preprocess_time": 1714.6974348653362, 
"wt_service_time": 1714.6974348653362, 
"wt_postprocess_time": 2340916.9983305847, 
"avg_q_len": 2.1186905302553609, 
"tps": 2610.8714285714286
}