{
"r_time": 3694238.965331817, 
"quing_time": 375588.11249739141, 
"mc_wait_time": 3301763.0430280473, 
"nt_service_time": 2446.6613495614092, 
"wt_preprocess_time": 1649.1091686044808, 
"wt_service_time": 1649.1091686044808, 
"wt_postprocess_time": 3301763.0430280473, 
"avg_q_len": 9.7684372475324039, 
"tps": 10167.5
}