{
"r_time": 2352927.4551220774, 
"quing_time": 67087.455588311655, 
"mc_wait_time": 2267775.7005835623, 
"nt_service_time": 1353.1736203693522, 
"wt_preprocess_time": 5546.6327203321234, 
"wt_service_time": 5546.6327203321234, 
"wt_postprocess_time": 2267775.7005835623, 
"avg_q_len": 2.0570512246451438, 
"tps": 2552.3428571428567
}