{
"r_time": 9814015.8580548577, 
"quing_time": 6580750.2097341856, 
"mc_wait_time": 3216622.0754715018, 
"nt_service_time": 1264.7444079064664, 
"wt_preprocess_time": 2822.6593631649798, 
"wt_service_time": 2822.6593631649798, 
"wt_postprocess_time": 3216622.0754715018, 
"avg_q_len": 61.991355246492297, 
"tps": 10455.557142857142
}