{
"r_time": 2356674.1728337519, 
"quing_time": 47812.625579242027, 
"mc_wait_time": 2294512.2332725516, 
"nt_service_time": 1306.971871512364, 
"wt_preprocess_time": 3793.7194613670081, 
"wt_service_time": 3793.7194613670081, 
"wt_postprocess_time": 2294512.2332725516, 
"avg_q_len": 1.499916446812066, 
"tps": 2821.1285714285714
}