{
"r_time": 2365394.5620703525, 
"quing_time": 32680.563556137622, 
"mc_wait_time": 2315668.400543252, 
"nt_service_time": 1234.0575338079302, 
"wt_preprocess_time": 7278.9148010135195, 
"wt_service_time": 7278.9148010135195, 
"wt_postprocess_time": 2315668.400543252, 
"avg_q_len": 0.87618678550668472, 
"tps": 1400.8428571428572
}