{
"r_time": 8584800.4199049138, 
"quing_time": 6108049.525262136, 
"mc_wait_time": 2463263.9206061326, 
"nt_service_time": 1111.9174832514259, 
"wt_preprocess_time": 2708.422755763369, 
"wt_service_time": 2708.422755763369, 
"wt_postprocess_time": 2463263.9206061326, 
"avg_q_len": 38.485821176628363, 
"tps": 7243.7000000000007
}