{
"r_time": 38512113.39827317, 
"quing_time": 36033506.925451554, 
"mc_wait_time": 2464407.3635833533, 
"nt_service_time": 1109.5284850531461, 
"wt_preprocess_time": 2965.3051116752704, 
"wt_service_time": 2965.3051116752704, 
"wt_postprocess_time": 2464407.3635833533, 
"avg_q_len": 115.31636134811787, 
"tps": 3655.0428571428574
}