{
"r_time": 17367647.692805152, 
"quing_time": 14981409.624670919, 
"mc_wait_time": 2372123.3540768879, 
"nt_service_time": 1138.8908191878309, 
"wt_preprocess_time": 1412.6449007458064, 
"wt_service_time": 1412.6449007458064, 
"wt_postprocess_time": 2372123.3540768879, 
"avg_q_len": 100.11009971709582, 
"tps": 7544.1999999999998
}