{
"r_time": 2435688.5593054313, 
"quing_time": 19909.02364797422, 
"mc_wait_time": 2398228.933114408, 
"nt_service_time": 1822.8282941813782, 
"wt_preprocess_time": 1846.7414205207792, 
"wt_service_time": 1846.7414205207792, 
"wt_postprocess_time": 2398228.933114408, 
"avg_q_len": 0.1815177783310323, 
"tps": 631.18571428571431
}