{
"r_time": 17971256.068549097, 
"quing_time": 15568338.21498619, 
"mc_wait_time": 2387683.1299597477, 
"nt_service_time": 1159.3433365217315, 
"wt_preprocess_time": 2954.913874781615, 
"wt_service_time": 2954.913874781615, 
"wt_postprocess_time": 2387683.1299597477, 
"avg_q_len": 51.826646485697118, 
"tps": 3756.4857142857145
}