{
"r_time": 2422676.6783466781, 
"quing_time": 84183.530329153509, 
"mc_wait_time": 2324573.4748289352, 
"nt_service_time": 1248.346524037185, 
"wt_preprocess_time": 1680.5308905456534, 
"wt_service_time": 1680.5308905456534, 
"wt_postprocess_time": 2324573.4748289352, 
"avg_q_len": 2.3035107032305882, 
"tps": 2621.3714285714286
}