{
"r_time": 2353595.7493946478, 
"quing_time": 16352.556828800549, 
"mc_wait_time": 2323585.2926616622, 
"nt_service_time": 1369.312898094922, 
"wt_preprocess_time": 3606.7444010012246, 
"wt_service_time": 3606.7444010012246, 
"wt_postprocess_time": 2323585.2926616622, 
"avg_q_len": 0.099052880820836617, 
"tps": 724.00000000000011
}