{
"r_time": 2363121.6571681146, 
"quing_time": 70082.378338188064, 
"mc_wait_time": 2278212.1907104366, 
"nt_service_time": 1337.0115537638724, 
"wt_preprocess_time": 1723.3746456700269, 
"wt_service_time": 1723.3746456700269, 
"wt_postprocess_time": 2278212.1907104366, 
"avg_q_len": 2.2092481489069038, 
"tps": 2440.6428571428573
}