{
"r_time": 2504698.6308487551, 
"quing_time": 31400.075797424091, 
"mc_wait_time": 2460328.120827225, 
"nt_service_time": 1226.5386898414849, 
"wt_preprocess_time": 2688.0500602998336, 
"wt_service_time": 2688.0500602998336, 
"wt_postprocess_time": 2460328.120827225, 
"avg_q_len": 0.62808701627797103, 
"tps": 1330.4571428571426
}