{
"r_time": 2371892.2504703095, 
"quing_time": 57694.852118625604, 
"mc_wait_time": 2300414.4980838308, 
"nt_service_time": 1365.017929049425, 
"wt_preprocess_time": 1530.0443697310736, 
"wt_service_time": 1530.0443697310736, 
"wt_postprocess_time": 2300414.4980838308, 
"avg_q_len": 1.829232397971055, 
"tps": 2455.8857142857146
}