{
"r_time": 2384079.0215828586, 
"quing_time": 46081.782860092411, 
"mc_wait_time": 2324568.527849976, 
"nt_service_time": 1401.4782769122098, 
"wt_preprocess_time": 1398.6060707829847, 
"wt_service_time": 1398.6060707829847, 
"wt_postprocess_time": 2324568.527849976, 
"avg_q_len": 1.3770974458227032, 
"tps": 2435.7857142857142
}