{
"r_time": 2473443.1597158057, 
"quing_time": 23741.972937571649, 
"mc_wait_time": 2435727.4563152473, 
"nt_service_time": 1300.460433720144, 
"wt_preprocess_time": 1598.9135832611178, 
"wt_service_time": 1598.9135832611178, 
"wt_postprocess_time": 2435727.4563152473, 
"avg_q_len": 0.47087885985748218, 
"tps": 1202.8571428571429
}