{
"r_time": 17929507.225092001, 
"quing_time": 15511770.516390312, 
"mc_wait_time": 2404468.1479230123, 
"nt_service_time": 1104.0089610811981, 
"wt_preprocess_time": 1382.1090554473396, 
"wt_service_time": 1382.1090554473396, 
"wt_postprocess_time": 2404468.1479230123, 
"avg_q_len": 100.86064722164716, 
"tps": 7452.5142857142855
}