{
"r_time": 8426078.7670441084, 
"quing_time": 6016881.9051798284, 
"mc_wait_time": 2392675.3513428378, 
"nt_service_time": 1154.6679270632189, 
"wt_preprocess_time": 4036.6474590641255, 
"wt_service_time": 4036.6474590641255, 
"wt_postprocess_time": 2392675.3513428378, 
"avg_q_len": 20.049851187648006, 
"tps": 3758.3285714285712
}