{
"r_time": 18631262.409636021, 
"quing_time": 16113967.372143289, 
"mc_wait_time": 2503509.8033068338, 
"nt_service_time": 1095.7178975424736, 
"wt_preprocess_time": 1400.125567078841, 
"wt_service_time": 1400.125567078841, 
"wt_postprocess_time": 2503509.8033068338, 
"avg_q_len": 100.53201708321791, 
"tps": 7168.2714285714283
}