{
"r_time": 3926114.8971544858, 
"quing_time": 295100.1461869491, 
"mc_wait_time": 3614066.4339757659, 
"nt_service_time": 1804.3260976599349, 
"wt_preprocess_time": 2275.707452544274, 
"wt_service_time": 2275.707452544274, 
"wt_postprocess_time": 3614066.4339757659, 
"avg_q_len": 8.8232348929883511, 
"tps": 10191.814285714285
}