{
"r_time": 2402627.0238594003, 
"quing_time": 56694.089269961565, 
"mc_wait_time": 2333174.1028720415, 
"nt_service_time": 1371.9359200142826, 
"wt_preprocess_time": 1435.5810453839511, 
"wt_service_time": 1435.5810453839511, 
"wt_postprocess_time": 2333174.1028720415, 
"avg_q_len": 1.650433969965841, 
"tps": 2659.8285714285716
}