{
"r_time": 2859249.8084299257, 
"quing_time": 193289.97265578536, 
"mc_wait_time": 2649548.2305764202, 
"nt_service_time": 1856.4158559234947, 
"wt_preprocess_time": 3091.254177708201, 
"wt_service_time": 3091.254177708201, 
"wt_postprocess_time": 2649548.2305764202, 
"avg_q_len": 5.2367771921169473, 
"tps": 8252.7857142857138
}