{
"r_time": 2367476.2706499458, 
"quing_time": 47817.790308864525, 
"mc_wait_time": 2306517.477281576, 
"nt_service_time": 1268.5001793931547, 
"wt_preprocess_time": 2965.1283070936606, 
"wt_service_time": 2965.1283070936606, 
"wt_postprocess_time": 2306517.477281576, 
"avg_q_len": 1.4427464785102797, 
"tps": 2771.7571428571432
}