{
"r_time": 8657387.3344050348, 
"quing_time": 5532529.2582081966, 
"mc_wait_time": 3105723.8278591409, 
"nt_service_time": 1428.6924211430348, 
"wt_preprocess_time": 1635.457594764343, 
"wt_service_time": 1635.457594764343, 
"wt_postprocess_time": 3105723.8278591409, 
"avg_q_len": 53.516139140876113, 
"tps": 9755.7857142857138
}