{
"r_time": 2826014.4278183877, 
"quing_time": 204535.76892037014, 
"mc_wait_time": 2606209.9498939617, 
"nt_service_time": 1914.8797430980844, 
"wt_preprocess_time": 1671.5655893039886, 
"wt_service_time": 1671.5655893039886, 
"wt_postprocess_time": 2606209.9498939617, 
"avg_q_len": 5.2879080414537265, 
"tps": 8131.6142857142859
}