{
"r_time": 4033720.2663715575, 
"quing_time": 1565671.8108186622, 
"mc_wait_time": 2455682.6805718988, 
"nt_service_time": 1072.8588039290692, 
"wt_preprocess_time": 1956.2072677274323, 
"wt_service_time": 1956.2072677274323, 
"wt_postprocess_time": 2455682.6805718988, 
"avg_q_len": 4.5318507335272544, 
"tps": 3614.6285714285714
}