{
"r_time": 2851950.5620174995, 
"quing_time": 201873.95906246468, 
"mc_wait_time": 2634805.1155225863, 
"nt_service_time": 1993.1303302653298, 
"wt_preprocess_time": 1475.47941195619, 
"wt_service_time": 1475.47941195619, 
"wt_postprocess_time": 2634805.1155225863, 
"avg_q_len": 5.2537626524553813, 
"tps": 7988.2857142857147
}