{
"r_time": 2407883.9964698544, 
"quing_time": 16775.920167924203, 
"mc_wait_time": 2376945.4861520948, 
"nt_service_time": 1311.2629133307441, 
"wt_preprocess_time": 3651.9460679883969, 
"wt_service_time": 3651.9460679883969, 
"wt_postprocess_time": 2376945.4861520948, 
"avg_q_len": 0.076560636182902583, 
"tps": 718.57142857142867
}