{
"r_time": 8230383.0826791646, 
"quing_time": 5297411.8350434899, 
"mc_wait_time": 2918935.0164456181, 
"nt_service_time": 1376.4067007296358, 
"wt_preprocess_time": 2418.2723897604174, 
"wt_service_time": 2418.2723897604174, 
"wt_postprocess_time": 2918935.0164456181, 
"avg_q_len": 54.202458849799555, 
"tps": 10472.957142857143
}