{
"r_time": 2296108.2477745567, 
"quing_time": 56706.383694345241, 
"mc_wait_time": 2224607.4585842146, 
"nt_service_time": 1371.5048100371314, 
"wt_preprocess_time": 2699.2804521500693, 
"wt_service_time": 2699.2804521500693, 
"wt_postprocess_time": 2224607.4585842146, 
"avg_q_len": 1.7954900794961572, 
"tps": 2594.9142857142856
}