{
"r_time": 2403739.1320377672, 
"quing_time": 27381.231189972757, 
"mc_wait_time": 2361514.9526786469, 
"nt_service_time": 1308.221501482496, 
"wt_preprocess_time": 1919.1352976289036, 
"wt_service_time": 1919.1352976289036, 
"wt_postprocess_time": 2361514.9526786469, 
"avg_q_len": 0.62400509391913406, 
"tps": 1256.4000000000001
}