{
"r_time": 2741889.5870204857, 
"quing_time": 176840.49994036899, 
"mc_wait_time": 2547325.0475692926, 
"nt_service_time": 2046.8317644196309, 
"wt_preprocess_time": 3633.4974314050642, 
"wt_service_time": 3633.4974314050642, 
"wt_postprocess_time": 2547325.0475692926, 
"avg_q_len": 5.4087106110983614, 
"tps": 8030.2714285714283
}