{
"r_time": 18276075.634527154, 
"quing_time": 15832586.897675835, 
"mc_wait_time": 2429511.0011758301, 
"nt_service_time": 1140.3746072116069, 
"wt_preprocess_time": 1417.5660173212564, 
"wt_service_time": 1417.5660173212564, 
"wt_postprocess_time": 2429511.0011758301, 
"avg_q_len": 51.85840711399549, 
"tps": 3680.4714285714285
}