{
"r_time": 2348434.9191620802, 
"quing_time": 15926.009289158887, 
"mc_wait_time": 2316116.6418942078, 
"nt_service_time": 1333.6069797351961, 
"wt_preprocess_time": 4006.727944475364, 
"wt_service_time": 4006.727944475364, 
"wt_postprocess_time": 2316116.6418942078, 
"avg_q_len": 0.061943590955644841, 
"tps": 725.31428571428569
}