{
"r_time": 2469327.5874823374, 
"quing_time": 81433.772098764282, 
"mc_wait_time": 2373939.5089040399, 
"nt_service_time": 1549.9763880796659, 
"wt_preprocess_time": 2173.8355564352623, 
"wt_service_time": 2173.8355564352623, 
"wt_postprocess_time": 2373939.5089040399, 
"avg_q_len": 2.573904032139315, 
"tps": 5141.9000000000005
}