{
"r_time": 2452494.1164701781, 
"quing_time": 17529.949814869491, 
"mc_wait_time": 2419312.6101848786, 
"nt_service_time": 1432.2000618175398, 
"wt_preprocess_time": 2645.4444994807609, 
"wt_service_time": 2645.4444994807609, 
"wt_postprocess_time": 2419312.6101848786, 
"avg_q_len": 0.064009384056304339, 
"tps": 621.11428571428564
}