{
"r_time": 2339223.7424787683, 
"quing_time": 27234.37801029786, 
"mc_wait_time": 2297872.1444032006, 
"nt_service_time": 1251.183141677986, 
"wt_preprocess_time": 2283.9922565278166, 
"wt_service_time": 2283.9922565278166, 
"wt_postprocess_time": 2297872.1444032006, 
"avg_q_len": 0.63824833702882489, 
"tps": 1417.4285714285716
}