{
"r_time": 2414652.3899843413, 
"quing_time": 16264.066220504628, 
"mc_wait_time": 2385710.5182553045, 
"nt_service_time": 1376.9038768453224, 
"wt_preprocess_time": 2912.9621880104146, 
"wt_service_time": 2912.9621880104146, 
"wt_postprocess_time": 2385710.5182553045, 
"avg_q_len": 0.1275541668379723, 
"tps": 694.94285714285706
}