{
"r_time": 2443047.2254337929, 
"quing_time": 17156.808993316197, 
"mc_wait_time": 2408986.5934191826, 
"nt_service_time": 1525.5720597511968, 
"wt_preprocess_time": 1868.7517373155201, 
"wt_service_time": 1868.7517373155201, 
"wt_postprocess_time": 2408986.5934191826, 
"avg_q_len": 0.11998819416065024, 
"tps": 629.22857142857151
}