{
"r_time": 8121199.9645669879, 
"quing_time": 5716727.2276415396, 
"mc_wait_time": 2391290.6417983193, 
"nt_service_time": 1107.1003194898576, 
"wt_preprocess_time": 1304.3045051313338, 
"wt_service_time": 1304.3045051313338, 
"wt_postprocess_time": 2391290.6417983193, 
"avg_q_len": 38.380727789813236, 
"tps": 7484.5
}