{
"r_time": 2353754.5139356321, 
"quing_time": 17277.125284876136, 
"mc_wait_time": 2321038.2088931794, 
"nt_service_time": 1524.0109723366791, 
"wt_preprocess_time": 2089.9875120444917, 
"wt_service_time": 2089.9875120444917, 
"wt_postprocess_time": 2321038.2088931794, 
"avg_q_len": 0.11684704741331806, 
"tps": 648.10000000000002
}