{
"r_time": 36932122.304868251, 
"quing_time": 34571112.903941609, 
"mc_wait_time": 2347321.4120839215, 
"nt_service_time": 1082.2783487353197, 
"wt_preprocess_time": 2370.8864171829964, 
"wt_service_time": 2370.8864171829964, 
"wt_postprocess_time": 2347321.4120839215, 
"avg_q_len": 115.88945423162792, 
"tps": 3807.2142857142858
}