{
"r_time": 2390732.3452709988, 
"quing_time": 17911.465606058315, 
"mc_wait_time": 2356903.6338200001, 
"nt_service_time": 1473.74776535863, 
"wt_preprocess_time": 4244.310003243655, 
"wt_service_time": 4244.310003243655, 
"wt_postprocess_time": 2356903.6338200001, 
"avg_q_len": 0.12429353778751369, 
"tps": 652.14285714285711
}