{
"r_time": 17864728.125148408, 
"quing_time": 15475524.097295854, 
"mc_wait_time": 2375531.1464732816, 
"nt_service_time": 1135.9827837065732, 
"wt_preprocess_time": 2005.0182765861523, 
"wt_service_time": 2005.0182765861523, 
"wt_postprocess_time": 2375531.1464732816, 
"avg_q_len": 51.884538024031038, 
"tps": 3792.7142857142853
}