{
"r_time": 2431284.075680933, 
"quing_time": 86234.038647506008, 
"mc_wait_time": 2330283.2080732188, 
"nt_service_time": 1268.9097105807934, 
"wt_preprocess_time": 2166.3730951277712, 
"wt_service_time": 2166.3730951277712, 
"wt_postprocess_time": 2330283.2080732188, 
"avg_q_len": 2.2721921522929986, 
"tps": 2623.5142857142855
}