{
"r_time": 2374205.3930312754, 
"quing_time": 15756.521809625989, 
"mc_wait_time": 2343558.1533505758, 
"nt_service_time": 1304.7178038866207, 
"wt_preprocess_time": 3119.5402988963306, 
"wt_service_time": 3119.5402988963306, 
"wt_postprocess_time": 2343558.1533505758, 
"avg_q_len": 0.14119055348157766, 
"tps": 704.11428571428576
}