{
"r_time": 8870819.6315086111, 
"quing_time": 6421843.6223990582, 
"mc_wait_time": 2435824.9551127506, 
"nt_service_time": 1081.5034772076021, 
"wt_preprocess_time": 2467.5119976040269, 
"wt_service_time": 2467.5119976040269, 
"wt_postprocess_time": 2435824.9551127506, 
"avg_q_len": 20.175196076163154, 
"tps": 3704.8285714285712
}