{
"r_time": 2368131.494039136, 
"quing_time": 70119.045457933666, 
"mc_wait_time": 2283447.3341946444, 
"nt_service_time": 1319.9892043748496, 
"wt_preprocess_time": 1923.0526479881312, 
"wt_service_time": 1923.0526479881312, 
"wt_postprocess_time": 2283447.3341946444, 
"avg_q_len": 2.1363915542576368, 
"tps": 2465.4857142857145
}