{
"r_time": 2399005.6831300594, 
"quing_time": 27419.987342122258, 
"mc_wait_time": 2349782.6094271401, 
"nt_service_time": 1293.4159296784901, 
"wt_preprocess_time": 11767.207462542785, 
"wt_service_time": 11767.207462542785, 
"wt_postprocess_time": 2349782.6094271401, 
"avg_q_len": 0.56237262323352222, 
"tps": 1275.742857142857
}