{
"r_time": 5825968.1062270701, 
"quing_time": 1688207.7072287784, 
"mc_wait_time": 4119537.2509262213, 
"nt_service_time": 1939.327386302931, 
"wt_preprocess_time": 1776.5414889254716, 
"wt_service_time": 1776.5414889254716, 
"wt_postprocess_time": 4119537.2509262213, 
"avg_q_len": 24.642461516602349, 
"tps": 11260.885714285714
}