{
"r_time": 2321939.9360720734, 
"quing_time": 33424.05865686819, 
"mc_wait_time": 2274479.0146289808, 
"nt_service_time": 1404.6087031953107, 
"wt_preprocess_time": 2716.8447811779615, 
"wt_service_time": 2716.8447811779615, 
"wt_postprocess_time": 2274479.0146289808, 
"avg_q_len": 1.0152121606703088, 
"tps": 2523.3571428571431
}