{
"r_time": 2376944.7003766196, 
"quing_time": 81923.626209821552, 
"mc_wait_time": 2278300.5365834897, 
"nt_service_time": 1307.8177054774922, 
"wt_preprocess_time": 4533.1873695237864, 
"wt_service_time": 4533.1873695237864, 
"wt_postprocess_time": 2278300.5365834897, 
"avg_q_len": 2.1584423505331549, 
"tps": 2763.8714285714286
}