{
"r_time": 2403932.7122499361, 
"quing_time": 63644.811558728805, 
"mc_wait_time": 2327223.268071935, 
"nt_service_time": 1322.4025714175193, 
"wt_preprocess_time": 1538.6928301419312, 
"wt_service_time": 1538.6928301419312, 
"wt_postprocess_time": 2327223.268071935, 
"avg_q_len": 1.7883608583305246, 
"tps": 2543.1428571428573
}