{
"r_time": 3891554.6412946377, 
"quing_time": 1450565.585271372, 
"mc_wait_time": 2428915.1750767832, 
"nt_service_time": 1086.1976635994363, 
"wt_preprocess_time": 1261.5846512519124, 
"wt_service_time": 1261.5846512519124, 
"wt_postprocess_time": 2428915.1750767832, 
"avg_q_len": 4.5099623237344844, 
"tps": 3655.1999999999998
}