{
"r_time": 3885443.2200962962, 
"quing_time": 1441959.4957220093, 
"mc_wait_time": 2427030.070024862, 
"nt_service_time": 1177.8704482131611, 
"wt_preprocess_time": 4935.5297187151973, 
"wt_service_time": 4935.5297187151973, 
"wt_postprocess_time": 2427030.070024862, 
"avg_q_len": 8.6615954104027928, 
"tps": 7124.1857142857143
}