{
"r_time": 18932892.222393584, 
"quing_time": 16412410.639566302, 
"mc_wait_time": 2506005.1543448828, 
"nt_service_time": 1077.9612224689779, 
"wt_preprocess_time": 3188.6277659748962, 
"wt_service_time": 3188.6277659748962, 
"wt_postprocess_time": 2506005.1543448828, 
"avg_q_len": 101.26639370029235, 
"tps": 7271.0857142857149
}