{
"r_time": 9237278.5401016977, 
"quing_time": 6110932.8095649295, 
"mc_wait_time": 3112122.1959533654, 
"nt_service_time": 1308.2857863671541, 
"wt_preprocess_time": 2152.0438183582664, 
"wt_service_time": 2152.0438183582664, 
"wt_postprocess_time": 3112122.1959533654, 
"avg_q_len": 58.018420178280856, 
"tps": 10061.17142857143
}