{
"r_time": 2444014.2003515754, 
"quing_time": 79785.472513463348, 
"mc_wait_time": 2350627.044107046, 
"nt_service_time": 1265.2288282036225, 
"wt_preprocess_time": 1650.3030838899285, 
"wt_service_time": 1650.3030838899285, 
"wt_postprocess_time": 2350627.044107046, 
"avg_q_len": 2.1230469181639373, 
"tps": 2585.6571428571428
}