{
"r_time": 4574298.5703704692, 
"quing_time": 1505201.8483216406, 
"mc_wait_time": 3053185.319229431, 
"nt_service_time": 1719.9344583495686, 
"wt_preprocess_time": 1934.7028035745293, 
"wt_service_time": 1934.7028035745293, 
"wt_postprocess_time": 3053185.319229431, 
"avg_q_len": 14.956021512171887, 
"tps": 9267.8428571428558
}