{
"r_time": 2366538.6453341618, 
"quing_time": 72672.965711138677, 
"mc_wait_time": 2280069.0906173522, 
"nt_service_time": 1272.2018571085202, 
"wt_preprocess_time": 2403.1392355997405, 
"wt_service_time": 2403.1392355997405, 
"wt_postprocess_time": 2280069.0906173522, 
"avg_q_len": 2.0860309487491588, 
"tps": 2781.5571428571429
}