{
"r_time": 4438449.5824830495, 
"quing_time": 1419377.2671711603, 
"mc_wait_time": 3001767.8792032008, 
"nt_service_time": 1686.2410897619352, 
"wt_preprocess_time": 3267.2793536940762, 
"wt_service_time": 3267.2793536940762, 
"wt_postprocess_time": 3001767.8792032008, 
"avg_q_len": 14.129130059052283, 
"tps": 9918.5714285714275
}