{
"r_time": 2338341.2010075045, 
"quing_time": 33173.429865522907, 
"mc_wait_time": 2291865.662552678, 
"nt_service_time": 1234.8762716963156, 
"wt_preprocess_time": 2629.6964237929583, 
"wt_service_time": 2629.6964237929583, 
"wt_postprocess_time": 2291865.662552678, 
"avg_q_len": 0.53361752374090643, 
"tps": 1427.6142857142859
}