{
"r_time": 8901108.1839863025, 
"quing_time": 6418436.6658849427, 
"mc_wait_time": 2470217.4666237696, 
"nt_service_time": 1090.6679861651214, 
"wt_preprocess_time": 1272.047768911717, 
"wt_service_time": 1272.047768911717, 
"wt_postprocess_time": 2470217.4666237696, 
"avg_q_len": 20.155458326793283, 
"tps": 3640.5714285714284
}