{
"r_time": 3787295.2098607928, 
"quing_time": 368745.02508636174, 
"mc_wait_time": 3401396.5261716903, 
"nt_service_time": 2104.9666344143543, 
"wt_preprocess_time": 1844.8206225089955, 
"wt_service_time": 1844.8206225089955, 
"wt_postprocess_time": 3401396.5261716903, 
"avg_q_len": 9.2343774154889129, 
"tps": 10072.642857142859
}