{
"r_time": 2305408.4580305349, 
"quing_time": 57932.222288662502, 
"mc_wait_time": 2231686.0159687321, 
"nt_service_time": 1405.1621983283803, 
"wt_preprocess_time": 3540.6687563902351, 
"wt_service_time": 3540.6687563902351, 
"wt_postprocess_time": 2231686.0159687321, 
"avg_q_len": 1.8466595406487629, 
"tps": 2579.4142857142861
}