{
"r_time": 2350325.9145392491, 
"quing_time": 18424.865515490408, 
"mc_wait_time": 2317339.1560702538, 
"nt_service_time": 1344.1311116817396, 
"wt_preprocess_time": 3617.440911169776, 
"wt_service_time": 3617.440911169776, 
"wt_postprocess_time": 2317339.1560702538, 
"avg_q_len": 0.3151916600909121, 
"tps": 1285.3857142857144
}