{
"r_time": 19044628.905954592, 
"quing_time": 16531339.475762516, 
"mc_wait_time": 2500286.5719966036, 
"nt_service_time": 1070.7175767646595, 
"wt_preprocess_time": 1312.1122043504056, 
"wt_service_time": 1312.1122043504056, 
"wt_postprocess_time": 2500286.5719966036, 
"avg_q_len": 52.010205660115425, 
"tps": 3601.6428571428569
}