{
"r_time": 37617065.805987649, 
"quing_time": 35179337.037790969, 
"mc_wait_time": 2422504.8031470431, 
"nt_service_time": 1156.4601526902361, 
"wt_preprocess_time": 2862.3514936041047, 
"wt_service_time": 2862.3514936041047, 
"wt_postprocess_time": 2422504.8031470431, 
"avg_q_len": 115.00519223589455, 
"tps": 3711.5857142857139
}