{
"r_time": 2377041.1603411017, 
"quing_time": 16591.187596532516, 
"mc_wait_time": 2346379.7647714335, 
"nt_service_time": 1295.0862134823374, 
"wt_preprocess_time": 2431.9868336002719, 
"wt_service_time": 2431.9868336002719, 
"wt_postprocess_time": 2346379.7647714335, 
"avg_q_len": 0.15249370673379484, 
"tps": 726.39999999999998
}