{
"r_time": 2332370.7947665164, 
"quing_time": 15401.34564432206, 
"mc_wait_time": 2299926.8810738344, 
"nt_service_time": 1564.658770228868, 
"wt_preprocess_time": 3254.880833292751, 
"wt_service_time": 3254.880833292751, 
"wt_postprocess_time": 2299926.8810738344, 
"avg_q_len": 0.071746421447204015, 
"tps": 651.70000000000005
}