{
"r_time": 4277101.1043197131, 
"quing_time": 1420722.978396087, 
"mc_wait_time": 2841820.8429572964, 
"nt_service_time": 1680.294676980179, 
"wt_preprocess_time": 1646.1878523732048, 
"wt_service_time": 1646.1878523732048, 
"wt_postprocess_time": 2841820.8429572964, 
"avg_q_len": 14.962528470640519, 
"tps": 10286.285714285714
}