{
"r_time": 17935872.742821191, 
"quing_time": 15483721.580790242, 
"mc_wait_time": 2437795.5959926201, 
"nt_service_time": 1139.1548955919338, 
"wt_preprocess_time": 1427.9354413724081, 
"wt_service_time": 1427.9354413724081, 
"wt_postprocess_time": 2437795.5959926201, 
"avg_q_len": 100.19461594396434, 
"tps": 7327.9857142857145
}