{
"r_time": 2418477.0841489043, 
"quing_time": 16793.323205925113, 
"mc_wait_time": 2386598.4112993157, 
"nt_service_time": 1293.8770827107032, 
"wt_preprocess_time": 1761.5622910166303, 
"wt_service_time": 1761.5622910166303, 
"wt_postprocess_time": 2386598.4112993157, 
"avg_q_len": 0.11292710003700505, 
"tps": 694.88571428571424
}