{
"r_time": 8285347.0628723148, 
"quing_time": 5855195.2505110027, 
"mc_wait_time": 2416264.5136986617, 
"nt_service_time": 1133.9193876672684, 
"wt_preprocess_time": 1366.4335587288751, 
"wt_service_time": 1366.4335587288751, 
"wt_postprocess_time": 2416264.5136986617, 
"avg_q_len": 38.745212802995724, 
"tps": 7385.7714285714292
}