{
"r_time": 2351613.633294038, 
"quing_time": 23351.205294762996, 
"mc_wait_time": 2314412.8238583789, 
"nt_service_time": 1322.3230274944817, 
"wt_preprocess_time": 3936.8990423521655, 
"wt_service_time": 3936.8990423521655, 
"wt_postprocess_time": 2314412.8238583789, 
"avg_q_len": 0.51835035105982419, 
"tps": 1289.9714285714288
}