{
"r_time": 3574224.7587522431, 
"quing_time": 1162094.0779303699, 
"mc_wait_time": 2398128.5133032054, 
"nt_service_time": 1156.1470763945695, 
"wt_preprocess_time": 1461.3261808984266, 
"wt_service_time": 1461.3261808984266, 
"wt_postprocess_time": 2398128.5133032054, 
"avg_q_len": 4.4161130533871829, 
"tps": 3685.7428571428572
}