{
"r_time": 2454629.6537189106, 
"quing_time": 96763.630391826126, 
"mc_wait_time": 2345297.6502433456, 
"nt_service_time": 1371.6659102215453, 
"wt_preprocess_time": 1401.0200776188481, 
"wt_service_time": 1401.0200776188481, 
"wt_postprocess_time": 2345297.6502433456, 
"avg_q_len": 2.9449867951433126, 
"tps": 5079.2999999999993
}