{
"r_time": 3875691.422325342, 
"quing_time": 83796.775286045086, 
"mc_wait_time": 3778238.5528887943, 
"nt_service_time": 1311.2622574709128, 
"wt_preprocess_time": 2090.9576785227919, 
"wt_service_time": 2090.9576785227919, 
"wt_postprocess_time": 3778238.5528887943, 
"avg_q_len": 2.2649091965496178, 
"tps": 1917.8
}