{
"r_time": 2402280.5701745274, 
"quing_time": 16338.580721374236, 
"mc_wait_time": 2370518.1933847861, 
"nt_service_time": 1334.0516636191271, 
"wt_preprocess_time": 2255.6444294253652, 
"wt_service_time": 2255.6444294253652, 
"wt_postprocess_time": 2370518.1933847861, 
"avg_q_len": 0.11899866973031806, 
"tps": 708.77142857142849
}