{
"r_time": 2414376.8727716841, 
"quing_time": 129712.30730928489, 
"mc_wait_time": 2271237.6187641704, 
"nt_service_time": 1239.6254621180758, 
"wt_preprocess_time": 1423.2029006727571, 
"wt_service_time": 1423.2029006727571, 
"wt_postprocess_time": 2271237.6187641704, 
"avg_q_len": 3.6187900787127685, 
"tps": 5092.6571428571424
}