{
"r_time": 2423202.2099757278, 
"quing_time": 17614.255462744753, 
"mc_wait_time": 2390314.584259063, 
"nt_service_time": 1523.7016755736854, 
"wt_preprocess_time": 1921.1557803738278, 
"wt_service_time": 1921.1557803738278, 
"wt_postprocess_time": 2390314.584259063, 
"avg_q_len": 0.071577879249112131, 
"tps": 703.92857142857144
}