{
"r_time": 2331242.7689116262, 
"quing_time": 52045.362451616333, 
"mc_wait_time": 2266446.3311091042, 
"nt_service_time": 1312.9649388896109, 
"wt_preprocess_time": 1886.5313100547878, 
"wt_service_time": 1886.5313100547878, 
"wt_postprocess_time": 2266446.3311091042, 
"avg_q_len": 1.5768800828641458, 
"tps": 2785.971428571429
}