{
"r_time": 3941693.5447249142, 
"quing_time": 1481258.0304045244, 
"mc_wait_time": 2446833.4517575642, 
"nt_service_time": 1188.8081113610197, 
"wt_preprocess_time": 2657.8094629477091, 
"wt_service_time": 2657.8094629477091, 
"wt_postprocess_time": 2446833.4517575642, 
"avg_q_len": 8.6544268963387001, 
"tps": 7122.3714285714286
}