{
"r_time": 2290583.6337947296, 
"quing_time": 17018.382506131195, 
"mc_wait_time": 2257816.6687937658, 
"nt_service_time": 1442.1019081548859, 
"wt_preprocess_time": 2340.6242533424693, 
"wt_service_time": 2340.6242533424693, 
"wt_postprocess_time": 2257816.6687937658, 
"avg_q_len": 0.17759648572325071, 
"tps": 682.92857142857144
}