{
"r_time": 2341844.3452208689, 
"quing_time": 54831.731019375817, 
"mc_wait_time": 2272899.2747945348, 
"nt_service_time": 1326.3797232726133, 
"wt_preprocess_time": 2932.585496543034, 
"wt_service_time": 2932.585496543034, 
"wt_postprocess_time": 2272899.2747945348, 
"avg_q_len": 1.5893440769594442, 
"tps": 2779.9428571428571
}