{
"r_time": 8820922.4023216031, 
"quing_time": 5732683.956584489, 
"mc_wait_time": 3070955.1999100838, 
"nt_service_time": 1404.6385420351069, 
"wt_preprocess_time": 1869.6598020716638, 
"wt_service_time": 1869.6598020716638, 
"wt_postprocess_time": 3070955.1999100838, 
"avg_q_len": 56.613340072696737, 
"tps": 10344.342857142858
}