{
"r_time": 2329924.152381896, 
"quing_time": 72209.877645001048, 
"mc_wait_time": 2242402.5667874413, 
"nt_service_time": 1403.3660265757983, 
"wt_preprocess_time": 1764.1494782946995, 
"wt_service_time": 1764.1494782946995, 
"wt_postprocess_time": 2242402.5667874413, 
"avg_q_len": 2.2582004944905414, 
"tps": 2467.1857142857143
}