{
"r_time": 2364685.4859445891, 
"quing_time": 82926.684184695347, 
"mc_wait_time": 2266420.4807566949, 
"nt_service_time": 1618.6035323227691, 
"wt_preprocess_time": 2630.4715076869188, 
"wt_service_time": 2630.4715076869188, 
"wt_postprocess_time": 2266420.4807566949, 
"avg_q_len": 2.8252467128923668, 
"tps": 4965.2857142857138
}