{
"r_time": 2343019.8509666608, 
"quing_time": 16597.058793147589, 
"mc_wait_time": 2309887.9473893079, 
"nt_service_time": 1538.9141505955863, 
"wt_preprocess_time": 2792.1119783267659, 
"wt_service_time": 2792.1119783267659, 
"wt_postprocess_time": 2309887.9473893079, 
"avg_q_len": 0.12192424661321537, 
"tps": 671.7285714285714
}