{
"r_time": 8392153.1985794213, 
"quing_time": 5978826.5254610823, 
"mc_wait_time": 2400348.3339190921, 
"nt_service_time": 1191.7765250471718, 
"wt_preprocess_time": 1302.2188122366842, 
"wt_service_time": 1302.2188122366842, 
"wt_postprocess_time": 2400348.3339190921, 
"avg_q_len": 19.986659032350413, 
"tps": 3742.5
}