{
"r_time": 18367308.141964335, 
"quing_time": 15907805.167351671, 
"mc_wait_time": 2444443.4934789124, 
"nt_service_time": 1159.5062177768027, 
"wt_preprocess_time": 1587.5094393758782, 
"wt_service_time": 1587.5094393758782, 
"wt_postprocess_time": 2444443.4934789124, 
"avg_q_len": 51.854850343987778, 
"tps": 3683.6857142857143
}