{
"r_time": 2423592.4672921365, 
"quing_time": 17647.588631242328, 
"mc_wait_time": 2391544.7307378352, 
"nt_service_time": 1327.8505423568442, 
"wt_preprocess_time": 2551.9734117730764, 
"wt_service_time": 2551.9734117730764, 
"wt_postprocess_time": 2391544.7307378352, 
"avg_q_len": 0.042139552254289683, 
"tps": 688.52857142857147
}