{
"r_time": 2700681.1812211443, 
"quing_time": 174844.59909820341, 
"mc_wait_time": 2510137.3727151272, 
"nt_service_time": 1947.4517474653442, 
"wt_preprocess_time": 2131.3825979196522, 
"wt_service_time": 2131.3825979196522, 
"wt_postprocess_time": 2510137.3727151272, 
"avg_q_len": 5.4418083327712834, 
"tps": 8048.7714285714283
}