{
"r_time": 4175368.4810940754, 
"quing_time": 1367096.0540501447, 
"mc_wait_time": 2793455.8143770341, 
"nt_service_time": 1385.593405986456, 
"wt_preprocess_time": 1500.6793332318107, 
"wt_service_time": 1500.6793332318107, 
"wt_postprocess_time": 2793455.8143770341, 
"avg_q_len": 14.947029779816488, 
"tps": 10031.242857142857
}