{
"r_time": 2476845.77648143, 
"quing_time": 82138.386608438945, 
"mc_wait_time": 2380779.7685467172, 
"nt_service_time": 1602.7558852554444, 
"wt_preprocess_time": 2410.3047492752039, 
"wt_service_time": 2410.3047492752039, 
"wt_postprocess_time": 2380779.7685467172, 
"avg_q_len": 2.4926064941238901, 
"tps": 5168.6285714285714
}