{
"r_time": 2456064.4816313898, 
"quing_time": 18827.839872309356, 
"mc_wait_time": 2420247.2439050786, 
"nt_service_time": 1522.7093348527342, 
"wt_preprocess_time": 1887.9393997680622, 
"wt_service_time": 1887.9393997680622, 
"wt_postprocess_time": 2420247.2439050786, 
"avg_q_len": 0.16530151269707272, 
"tps": 626.12857142857149
}