{
"r_time": 2377041.4702882757, 
"quing_time": 22314.203456230065, 
"mc_wait_time": 2339244.0897130817, 
"nt_service_time": 1347.5028949619609, 
"wt_preprocess_time": 3549.2813626537691, 
"wt_service_time": 3549.2813626537691, 
"wt_postprocess_time": 2339244.0897130817, 
"avg_q_len": 0.45980182977915302, 
"tps": 1278.8428571428572
}