{
"r_time": 2361545.5010216227, 
"quing_time": 18832.614102248139, 
"mc_wait_time": 2328132.5740548391, 
"nt_service_time": 1506.0683462715519, 
"wt_preprocess_time": 2400.6695041470034, 
"wt_service_time": 2400.6695041470034, 
"wt_postprocess_time": 2328132.5740548391, 
"avg_q_len": 0.13669617234549938, 
"tps": 706.88571428571436
}