{
"r_time": 4483346.9328225069, 
"quing_time": 1311403.0460156826, 
"mc_wait_time": 3153390.4502918301, 
"nt_service_time": 2217.1360425701341, 
"wt_preprocess_time": 1835.4645184232654, 
"wt_service_time": 1835.4645184232654, 
"wt_postprocess_time": 3153390.4502918301, 
"avg_q_len": 13.41543239550461, 
"tps": 9420.442857142858
}