{
"r_time": 2391527.45270654, 
"quing_time": 15509.672997976118, 
"mc_wait_time": 2361687.9556286912, 
"nt_service_time": 1545.8660514490794, 
"wt_preprocess_time": 2855.9434938999116, 
"wt_service_time": 2855.9434938999116, 
"wt_postprocess_time": 2361687.9556286912, 
"avg_q_len": 0.053183221193347098, 
"tps": 643.32857142857142
}