{
"r_time": 39391839.244790763, 
"quing_time": 36872036.096538171, 
"mc_wait_time": 2506103.7321351958, 
"nt_service_time": 1048.9039691582559, 
"wt_preprocess_time": 1458.6973082576135, 
"wt_service_time": 1458.6973082576135, 
"wt_postprocess_time": 2506103.7321351958, 
"avg_q_len": 115.79626935199317, 
"tps": 3603.3571428571427
}