{
"r_time": 2838015.184342986, 
"quing_time": 182996.12586617953, 
"mc_wait_time": 2639246.1966408491, 
"nt_service_time": 1780.1895886564662, 
"wt_preprocess_time": 2467.5554908205909, 
"wt_service_time": 2467.5554908205909, 
"wt_postprocess_time": 2639246.1966408491, 
"avg_q_len": 4.8464196099140233, 
"tps": 8278.028571428571
}