{
"r_time": 2299449.1566629903, 
"quing_time": 105397.52093861709, 
"mc_wait_time": 2180106.2292528003, 
"nt_service_time": 1338.1698781295931, 
"wt_preprocess_time": 1503.4613473903387, 
"wt_service_time": 1503.4613473903387, 
"wt_postprocess_time": 2180106.2292528003, 
"avg_q_len": 3.6012423249223549, 
"tps": 4990.6428571428569
}