{
"r_time": 2438007.0656499886, 
"quing_time": 25003.084163261017, 
"mc_wait_time": 2398897.9378902204, 
"nt_service_time": 1280.2443448168988, 
"wt_preprocess_time": 1686.850140893775, 
"wt_service_time": 1686.850140893775, 
"wt_postprocess_time": 2398897.9378902204, 
"avg_q_len": 0.53824810339983142, 
"tps": 1220.2285714285713
}