{
"r_time": 2629705.8893483905, 
"quing_time": 174947.02859350247, 
"mc_wait_time": 2438978.511589135, 
"nt_service_time": 1922.6080768939573, 
"wt_preprocess_time": 1589.3176996216046, 
"wt_service_time": 1589.3176996216046, 
"wt_postprocess_time": 2438978.511589135, 
"avg_q_len": 5.2588424437299039, 
"tps": 8210.3999999999996
}