{
"r_time": 2412166.236613431, 
"quing_time": 134759.69920524972, 
"mc_wait_time": 2259723.7611528593, 
"nt_service_time": 1263.2435469819538, 
"wt_preprocess_time": 5405.0715616106736, 
"wt_service_time": 5405.0715616106736, 
"wt_postprocess_time": 2259723.7611528593, 
"avg_q_len": 3.5028183232516352, 
"tps": 5334.9857142857136
}