{
"r_time": 8090587.0822117366, 
"quing_time": 5676665.1617562855, 
"mc_wait_time": 2399701.2122687427, 
"nt_service_time": 1143.2574975850248, 
"wt_preprocess_time": 2642.6903832587113, 
"wt_service_time": 2642.6903832587113, 
"wt_postprocess_time": 2399701.2122687427, 
"avg_q_len": 37.675673078401523, 
"tps": 7432.8000000000002
}