{
"r_time": 2398162.9139097538, 
"quing_time": 33805.748869945179, 
"mc_wait_time": 2350496.4582639467, 
"nt_service_time": 1315.5331693980438, 
"wt_preprocess_time": 1863.6681138316189, 
"wt_service_time": 1863.6681138316189, 
"wt_postprocess_time": 2350496.4582639467, 
"avg_q_len": 0.81717696819427221, 
"tps": 1371.2714285714287
}