{
"r_time": 5715480.3665799154, 
"quing_time": 1604775.0540875001, 
"mc_wait_time": 4085908.318548792, 
"nt_service_time": 2064.1383825583725, 
"wt_preprocess_time": 1920.9310711730836, 
"wt_service_time": 1920.9310711730836, 
"wt_postprocess_time": 4085908.318548792, 
"avg_q_len": 24.512022764578386, 
"tps": 9669.1571428571442
}