{
"r_time": 2597275.8190639364, 
"quing_time": 86971.647105039578, 
"mc_wait_time": 2496062.3324335357, 
"nt_service_time": 1789.0800794305126, 
"wt_preprocess_time": 1695.5581133443118, 
"wt_service_time": 1695.5581133443118, 
"wt_postprocess_time": 2496062.3324335357, 
"avg_q_len": 2.59315850517405, 
"tps": 4742.0714285714284
}