{
"r_time": 2413804.557376815, 
"quing_time": 25234.762479495195, 
"mc_wait_time": 2373047.093837657, 
"nt_service_time": 1193.0304513295869, 
"wt_preprocess_time": 4400.5400902349884, 
"wt_service_time": 4400.5400902349884, 
"wt_postprocess_time": 2373047.093837657, 
"avg_q_len": 0.5712265818310357, 
"tps": 1414.5
}