{
"r_time": 4057982.6623968738, 
"quing_time": 326202.91363154398, 
"mc_wait_time": 3713812.6427276153, 
"nt_service_time": 2007.4887061998652, 
"wt_preprocess_time": 3039.5868892248741, 
"wt_service_time": 3039.5868892248741, 
"wt_postprocess_time": 3713812.6427276153, 
"avg_q_len": 8.7688779607296912, 
"tps": 10051.214285714286
}