{
"r_time": 2354583.7057079412, 
"quing_time": 111848.00218906722, 
"mc_wait_time": 2228837.7701406414, 
"nt_service_time": 1351.0690263608517, 
"wt_preprocess_time": 2188.1634298612748, 
"wt_service_time": 2188.1634298612748, 
"wt_postprocess_time": 2228837.7701406414, 
"avg_q_len": 3.2610954461960535, 
"tps": 5436.2714285714283
}