{
"r_time": 3517197.5465484336, 
"quing_time": 1116355.1074686695, 
"mc_wait_time": 2387814.030078168, 
"nt_service_time": 1190.8254587905558, 
"wt_preprocess_time": 1301.5668907690049, 
"wt_service_time": 1301.5668907690049, 
"wt_postprocess_time": 2387814.030078168, 
"avg_q_len": 8.1134974754254188, 
"tps": 7183.6714285714288
}