{
"r_time": 17742511.9171516, 
"quing_time": 15318403.715478625, 
"mc_wait_time": 2407372.9025755203, 
"nt_service_time": 1105.0504708478086, 
"wt_preprocess_time": 4359.9951666505276, 
"wt_service_time": 4359.9951666505276, 
"wt_postprocess_time": 2407372.9025755203, 
"avg_q_len": 100.542306037298, 
"tps": 7436.6285714285714
}