{
"r_time": 37960501.617611751, 
"quing_time": 35517323.922629833, 
"mc_wait_time": 2427956.100687026, 
"nt_service_time": 1151.128506505451, 
"wt_preprocess_time": 3114.9282686191373, 
"wt_service_time": 3114.9282686191373, 
"wt_postprocess_time": 2427956.100687026, 
"avg_q_len": 115.67789325320612, 
"tps": 3689.3714285714286
}