{
"r_time": 3809531.7349783247, 
"quing_time": 66361.747120151762, 
"mc_wait_time": 3729118.7490804917, 
"nt_service_time": 1359.0622722373682, 
"wt_preprocess_time": 1641.4262696393844, 
"wt_service_time": 1641.4262696393844, 
"wt_postprocess_time": 3729118.7490804917, 
"avg_q_len": 2.2063311814575717, 
"tps": 1836.7142857142858
}