{
"r_time": 8839217.223827783, 
"quing_time": 6397859.5968046356, 
"mc_wait_time": 2427281.5981425741, 
"nt_service_time": 1118.538763951776, 
"wt_preprocess_time": 2929.4761825512669, 
"wt_service_time": 2929.4761825512669, 
"wt_postprocess_time": 2427281.5981425741, 
"avg_q_len": 20.147083188170171, 
"tps": 3690.4285714285716
}