{
"r_time": 5546468.3763414863, 
"quing_time": 1512524.0740645074, 
"mc_wait_time": 4014927.8599782884, 
"nt_service_time": 2011.2674556045376, 
"wt_preprocess_time": 1826.7603350995569, 
"wt_service_time": 1826.7603350995569, 
"wt_postprocess_time": 4014927.8599782884, 
"avg_q_len": 22.924377796753198, 
"tps": 11409.914285714285
}