{
"r_time": 10423348.142961521, 
"quing_time": 7068700.8437714167, 
"mc_wait_time": 3336305.067474667, 
"nt_service_time": 1300.7570556551632, 
"wt_preprocess_time": 3284.5229415057124, 
"wt_service_time": 3284.5229415057124, 
"wt_postprocess_time": 3336305.067474667, 
"avg_q_len": 64.113052085321797, 
"tps": 10102.928571428571
}