{
"r_time": 17902556.528656535, 
"quing_time": 15477563.877890915, 
"mc_wait_time": 2411342.5347492509, 
"nt_service_time": 1130.1708894570568, 
"wt_preprocess_time": 1363.5842715285726, 
"wt_service_time": 1363.5842715285726, 
"wt_postprocess_time": 2411342.5347492509, 
"avg_q_len": 101.44682178375079, 
"tps": 7465.3285714285721
}