{
"r_time": 2372594.9045690186, 
"quing_time": 16934.317156404737, 
"mc_wait_time": 2339496.5578194754, 
"nt_service_time": 1410.234079664865, 
"wt_preprocess_time": 3275.0788758677218, 
"wt_service_time": 3275.0788758677218, 
"wt_postprocess_time": 2339496.5578194754, 
"avg_q_len": 0.17767471958584988, 
"tps": 662.28571428571433
}