{
"r_time": 8714876.7251291908, 
"quing_time": 6225735.3808598407, 
"mc_wait_time": 2473804.8193998463, 
"nt_service_time": 1100.9879565530405, 
"wt_preprocess_time": 3994.3512186330104, 
"wt_service_time": 3994.3512186330104, 
"wt_postprocess_time": 2473804.8193998463, 
"avg_q_len": 38.859127598276146, 
"tps": 7199.8285714285712
}