{
"r_time": 2433081.8964741756, 
"quing_time": 24090.305506244644, 
"mc_wait_time": 2396047.0583607545, 
"nt_service_time": 1353.4452989523447, 
"wt_preprocess_time": 1696.2728730644401, 
"wt_service_time": 1696.2728730644401, 
"wt_postprocess_time": 2396047.0583607545, 
"avg_q_len": 0.45534099865547778, 
"tps": 1232.5142857142855
}