{
"r_time": 2360843.8596977862, 
"quing_time": 99803.045385849109, 
"mc_wait_time": 2247142.1544354083, 
"nt_service_time": 1489.0412494472844, 
"wt_preprocess_time": 1446.4522691870063, 
"wt_service_time": 1446.4522691870063, 
"wt_postprocess_time": 2247142.1544354083, 
"avg_q_len": 3.3595743034516419, 
"tps": 4800.2000000000007
}