{
"r_time": 2355906.6618529051, 
"quing_time": 81461.4635875104, 
"mc_wait_time": 2259936.345719846, 
"nt_service_time": 1473.9039765075013, 
"wt_preprocess_time": 2665.5511561675157, 
"wt_service_time": 2665.5511561675157, 
"wt_postprocess_time": 2259936.345719846, 
"avg_q_len": 2.8597280089409027, 
"tps": 4933.9857142857145
}