{
"r_time": 2407618.2497965666, 
"quing_time": 54092.079856038908, 
"mc_wait_time": 2341341.1549123009, 
"nt_service_time": 1311.6877528432547, 
"wt_preprocess_time": 1321.37427466846, 
"wt_service_time": 1321.37427466846, 
"wt_postprocess_time": 2341341.1549123009, 
"avg_q_len": 1.6095121885083652, 
"tps": 2634.2142857142853
}