{
"r_time": 2386882.3482010877, 
"quing_time": 18182.09264135237, 
"mc_wait_time": 2354817.8071832806, 
"nt_service_time": 1321.3288471781671, 
"wt_preprocess_time": 2215.9577395580141, 
"wt_service_time": 2215.9577395580141, 
"wt_postprocess_time": 2354817.8071832806, 
"avg_q_len": 0.10082664820621412, 
"tps": 701.62857142857138
}