{
"r_time": 3571036.8750522295, 
"quing_time": 1124253.6104052537, 
"mc_wait_time": 2433096.8381346967, 
"nt_service_time": 1346.7992241345637, 
"wt_preprocess_time": 1456.1207903436425, 
"wt_service_time": 1456.1207903436425, 
"wt_postprocess_time": 2433096.8381346967, 
"avg_q_len": 8.0297675590601578, 
"tps": 7143.4428571428571
}