{
"r_time": 2480934.4212774662, 
"quing_time": 105482.80130814866, 
"mc_wait_time": 2361211.0681926948, 
"nt_service_time": 1564.2821088639107, 
"wt_preprocess_time": 1666.794355800519, 
"wt_service_time": 1666.794355800519, 
"wt_postprocess_time": 2361211.0681926948, 
"avg_q_len": 3.0689999370777774, 
"tps": 4994.8285714285721
}