{
"r_time": 6312978.3438496497, 
"quing_time": 1773124.3242396978, 
"mc_wait_time": 4521324.3247334734, 
"nt_service_time": 2429.671875052054, 
"wt_preprocess_time": 2481.7575270528896, 
"wt_service_time": 2481.7575270528896, 
"wt_postprocess_time": 4521324.3247334734, 
"avg_q_len": 22.485931835507508, 
"tps": 11037.585714285715
}