{
"r_time": 2493308.5425184434, 
"quing_time": 17613.128187058992, 
"mc_wait_time": 2461347.0428981185, 
"nt_service_time": 1301.5739095113881, 
"wt_preprocess_time": 2650.7513571881886, 
"wt_service_time": 2650.7513571881886, 
"wt_postprocess_time": 2461347.0428981185, 
"avg_q_len": 0.039231841805044999, 
"tps": 676.19999999999993
}