{
"r_time": 19134499.795818292, 
"quing_time": 16619054.030306257, 
"mc_wait_time": 2502427.8246144867, 
"nt_service_time": 1080.3956907260581, 
"wt_preprocess_time": 2160.3584891067894, 
"wt_service_time": 2160.3584891067894, 
"wt_postprocess_time": 2502427.8246144867, 
"avg_q_len": 52.167261071197629, 
"tps": 3601.0428571428574
}