{
"r_time": 2407123.6331792297, 
"quing_time": 133808.38121865998, 
"mc_wait_time": 2258913.2187545225, 
"nt_service_time": 1207.9402963053408, 
"wt_preprocess_time": 1875.3532482734608, 
"wt_service_time": 1875.3532482734608, 
"wt_postprocess_time": 2258913.2187545225, 
"avg_q_len": 3.5486816495554541, 
"tps": 5233.2714285714283
}