{
"r_time": 2292261.5808929424, 
"quing_time": 91952.350496356579, 
"mc_wait_time": 2185173.1145917643, 
"nt_service_time": 1493.4497746010866, 
"wt_preprocess_time": 2874.1161280458691, 
"wt_service_time": 2874.1161280458691, 
"wt_postprocess_time": 2185173.1145917643, 
"avg_q_len": 3.2004241871393915, 
"tps": 5058.4142857142861
}