{
"r_time": 2446559.6526439083, 
"quing_time": 16600.354671392299, 
"mc_wait_time": 2413948.9625000046, 
"nt_service_time": 1449.6618011726819, 
"wt_preprocess_time": 2744.343840321269, 
"wt_service_time": 2744.343840321269, 
"wt_postprocess_time": 2413948.9625000046, 
"avg_q_len": 0.040565374231458583, 
"tps": 629.67142857142858
}