{
"r_time": 2400299.6620702143, 
"quing_time": 44500.307506700337, 
"mc_wait_time": 2342647.2483000406, 
"nt_service_time": 1371.7602855094979, 
"wt_preprocess_time": 2537.3352854936034, 
"wt_service_time": 2537.3352854936034, 
"wt_postprocess_time": 2342647.2483000406, 
"avg_q_len": 1.2546222233877946, 
"tps": 2723.6428571428569
}