{
"r_time": 2823255.3603066844, 
"quing_time": 191267.65644802252, 
"mc_wait_time": 2614932.6254379852, 
"nt_service_time": 2066.1564157457688, 
"wt_preprocess_time": 1748.674410551386, 
"wt_service_time": 1748.674410551386, 
"wt_postprocess_time": 2614932.6254379852, 
"avg_q_len": 5.316050952060384, 
"tps": 7597.057142857142
}