{
"r_time": 4091532.1995717264, 
"quing_time": 321719.55922323267, 
"mc_wait_time": 3754221.9682520428, 
"nt_service_time": 2290.8208808557242, 
"wt_preprocess_time": 2290.990279868653, 
"wt_service_time": 2290.990279868653, 
"wt_postprocess_time": 3754221.9682520428, 
"avg_q_len": 8.7414335400392531, 
"tps": 10219.257142857143
}