{
"r_time": 7878252.2389774965, 
"quing_time": 4902459.5741175469, 
"mc_wait_time": 2959443.4888292309, 
"nt_service_time": 1459.7446259273672, 
"wt_preprocess_time": 1695.7830686505908, 
"wt_service_time": 1695.7830686505908, 
"wt_postprocess_time": 2959443.4888292309, 
"avg_q_len": 48.922969081485654, 
"tps": 9986.1571428571442
}