{
"r_time": 2404371.3642193032, 
"quing_time": 23009.797187412183, 
"mc_wait_time": 2369189.486571053, 
"nt_service_time": 1184.4935653839925, 
"wt_preprocess_time": 1460.2857120150015, 
"wt_service_time": 1460.2857120150015, 
"wt_postprocess_time": 2369189.486571053, 
"avg_q_len": 0.469033952513079, 
"tps": 1348.9428571428571
}