{
"r_time": 2405814.6611061441, 
"quing_time": 17716.090952878949, 
"mc_wait_time": 2375355.7771944869, 
"nt_service_time": 1357.1790892609401, 
"wt_preprocess_time": 2962.1942156376817, 
"wt_service_time": 2962.1942156376817, 
"wt_postprocess_time": 2375355.7771944869, 
"avg_q_len": 0.16635544043531514, 
"tps": 711.47142857142865
}