{
"r_time": 2340841.5069355844, 
"quing_time": 22242.155067933432, 
"mc_wait_time": 2305668.3014235254, 
"nt_service_time": 1275.2771027551171, 
"wt_preprocess_time": 2577.7793022107553, 
"wt_service_time": 2577.7793022107553, 
"wt_postprocess_time": 2305668.3014235254, 
"avg_q_len": 0.490260614583645, 
"tps": 1432.3285714285714
}