{
"r_time": 2539759.1173705477, 
"quing_time": 88987.316194966872, 
"mc_wait_time": 2437119.8026878769, 
"nt_service_time": 1523.8842731394197, 
"wt_preprocess_time": 1722.8142313731, 
"wt_service_time": 1722.8142313731, 
"wt_postprocess_time": 2437119.8026878769, 
"avg_q_len": 2.7078205917982969, 
"tps": 4846.7285714285717
}