{
"r_time": 2385376.9809347657, 
"quing_time": 59131.063051665245, 
"mc_wait_time": 2312137.7015795629, 
"nt_service_time": 1414.9037173035888, 
"wt_preprocess_time": 1552.2652909216204, 
"wt_service_time": 1552.2652909216204, 
"wt_postprocess_time": 2312137.7015795629, 
"avg_q_len": 1.8382412145328517, 
"tps": 2448.4428571428571
}