{
"r_time": 2401227.800923638, 
"quing_time": 18839.5751943664, 
"mc_wait_time": 2366801.013539521, 
"nt_service_time": 1349.1515044848707, 
"wt_preprocess_time": 5808.2355040464499, 
"wt_service_time": 5808.2355040464499, 
"wt_postprocess_time": 2366801.013539521, 
"avg_q_len": 0.13776327258721696, 
"tps": 704.72857142857151
}