{
"r_time": 2431340.7064158395, 
"quing_time": 21168.191247654329, 
"mc_wait_time": 2395018.6044722958, 
"nt_service_time": 1305.7443953483664, 
"wt_preprocess_time": 4768.638212678743, 
"wt_service_time": 4768.638212678743, 
"wt_postprocess_time": 2395018.6044722958, 
"avg_q_len": 0.48534712915926492, 
"tps": 1375.1571428571428
}