{
"r_time": 2316449.0778597817, 
"quing_time": 54481.48284453222, 
"mc_wait_time": 2247684.4718653797, 
"nt_service_time": 1376.9842564010587, 
"wt_preprocess_time": 2394.8039074147714, 
"wt_service_time": 2394.8039074147714, 
"wt_postprocess_time": 2247684.4718653797, 
"avg_q_len": 1.7755241933254835, 
"tps": 2584.2428571428572
}