{
"r_time": 2409061.0872903727, 
"quing_time": 31170.315959642612, 
"mc_wait_time": 2364155.4284812594, 
"nt_service_time": 1259.1798031246956, 
"wt_preprocess_time": 2224.203234937765, 
"wt_service_time": 2224.203234937765, 
"wt_postprocess_time": 2364155.4284812594, 
"avg_q_len": 0.70556275073443475, 
"tps": 1356.7285714285715
}