{
"r_time": 2338036.3330746787, 
"quing_time": 96428.003866080864, 
"mc_wait_time": 2227323.1118016685, 
"nt_service_time": 1496.605789602097, 
"wt_preprocess_time": 1501.2791556892098, 
"wt_service_time": 1501.2791556892098, 
"wt_postprocess_time": 2227323.1118016685, 
"avg_q_len": 3.1895248960065952, 
"tps": 4921.3285714285712
}