{
"r_time": 18381189.038828492, 
"quing_time": 15929656.311696297, 
"mc_wait_time": 2438165.7406914425, 
"nt_service_time": 1133.330957544903, 
"wt_preprocess_time": 1361.8185102197076, 
"wt_service_time": 1361.8185102197076, 
"wt_postprocess_time": 2438165.7406914425, 
"avg_q_len": 102.37160771772649, 
"tps": 7379.6714285714279
}