{
"r_time": 5927174.349413434, 
"quing_time": 1771540.0995469368, 
"mc_wait_time": 4139313.1077628848, 
"nt_service_time": 1756.5600235887466, 
"wt_preprocess_time": 2377.6505001819251, 
"wt_service_time": 2377.6505001819251, 
"wt_postprocess_time": 4139313.1077628848, 
"avg_q_len": 24.267185760843571, 
"tps": 11409.985714285714
}