{
"r_time": 4754030.1784592383, 
"quing_time": 1673098.3339635059, 
"mc_wait_time": 3064394.6622118573, 
"nt_service_time": 1647.6714755176204, 
"wt_preprocess_time": 2905.1245796808334, 
"wt_service_time": 2905.1245796808334, 
"wt_postprocess_time": 3064394.6622118573, 
"avg_q_len": 15.449547102853527, 
"tps": 10136.32857142857
}