{
"r_time": 2906145.0734192282, 
"quing_time": 191943.86884275891, 
"mc_wait_time": 2697325.7736413991, 
"nt_service_time": 1979.2563053780004, 
"wt_preprocess_time": 3250.7057682435552, 
"wt_service_time": 3250.7057682435552, 
"wt_postprocess_time": 2697325.7736413991, 
"avg_q_len": 4.7568647516019782, 
"tps": 8208.6000000000004
}