{
"r_time": 3626963.658204454, 
"quing_time": 1236604.1823123493, 
"mc_wait_time": 2375774.1323055513, 
"nt_service_time": 1183.5896234679515, 
"wt_preprocess_time": 2695.6789549310661, 
"wt_service_time": 2695.6789549310661, 
"wt_postprocess_time": 2375774.1323055513, 
"avg_q_len": 4.4487461724353876, 
"tps": 3718.3285714285712
}