{
"r_time": 18830927.508588128, 
"quing_time": 16352838.073028915, 
"mc_wait_time": 2464917.77080251, 
"nt_service_time": 1095.3232406049997, 
"wt_preprocess_time": 1411.1115680565258, 
"wt_service_time": 1411.1115680565258, 
"wt_postprocess_time": 2464917.77080251, 
"avg_q_len": 51.965385957551923, 
"tps": 3643.4428571428571
}