{
"r_time": 8383331.2200937793, 
"quing_time": 5271943.1318019424, 
"mc_wait_time": 3093184.0920412606, 
"nt_service_time": 1469.076548956531, 
"wt_preprocess_time": 1737.652946028091, 
"wt_service_time": 1737.652946028091, 
"wt_postprocess_time": 3093184.0920412606, 
"avg_q_len": 51.913142767034131, 
"tps": 9965.2857142857138
}