{
"r_time": 2334137.2528633312, 
"quing_time": 66983.57879422509, 
"mc_wait_time": 2250025.0545957345, 
"nt_service_time": 1306.5871669179105, 
"wt_preprocess_time": 4801.8569029692408, 
"wt_service_time": 4801.8569029692408, 
"wt_postprocess_time": 2250025.0545957345, 
"avg_q_len": 2.1297005881304578, 
"tps": 2565.0285714285715
}