{
"r_time": 38062685.512886882, 
"quing_time": 35608644.135804199, 
"mc_wait_time": 2440421.4371759128, 
"nt_service_time": 1155.4763004593101, 
"wt_preprocess_time": 1346.8789043644679, 
"wt_service_time": 1346.8789043644679, 
"wt_postprocess_time": 2440421.4371759128, 
"avg_q_len": 115.60607794396786, 
"tps": 3695.3285714285712
}