{
"r_time": 18383297.868934821, 
"quing_time": 15966113.075478109, 
"mc_wait_time": 2403953.8180177622, 
"nt_service_time": 1078.736311129582, 
"wt_preprocess_time": 2637.6507095626866, 
"wt_service_time": 2637.6507095626866, 
"wt_postprocess_time": 2403953.8180177622, 
"avg_q_len": 52.105394029212249, 
"tps": 3740.1142857142859
}