{
"r_time": 2372478.8279883899, 
"quing_time": 16591.574907959606, 
"mc_wait_time": 2341046.8549400652, 
"nt_service_time": 1427.7970598118432, 
"wt_preprocess_time": 3271.9896036648643, 
"wt_service_time": 3271.9896036648643, 
"wt_postprocess_time": 2341046.8549400652, 
"avg_q_len": 0.09380406929630522, 
"tps": 652.27142857142849
}