{
"r_time": 2404599.8316207919, 
"quing_time": 20029.825075694185, 
"mc_wait_time": 2370822.2691987487, 
"nt_service_time": 1305.4303383922727, 
"wt_preprocess_time": 1523.7737439180053, 
"wt_service_time": 1523.7737439180053, 
"wt_postprocess_time": 2370822.2691987487, 
"avg_q_len": 0.42849788353735269, 
"tps": 1248.7142857142858
}