{
"r_time": 8478342.0002114922, 
"quing_time": 6055438.395496035, 
"mc_wait_time": 2408131.1887023579, 
"nt_service_time": 1145.3520501487874, 
"wt_preprocess_time": 2795.6762419902652, 
"wt_service_time": 2795.6762419902652, 
"wt_postprocess_time": 2408131.1887023579, 
"avg_q_len": 20.015351524608832, 
"tps": 3726.0142857142855
}