{
"r_time": 4240493.0057202801, 
"quing_time": 314654.98093675589, 
"mc_wait_time": 3909470.9371110359, 
"nt_service_time": 2317.1728079834884, 
"wt_preprocess_time": 2311.5950986217836, 
"wt_service_time": 2311.5950986217836, 
"wt_postprocess_time": 3909470.9371110359, 
"avg_q_len": 8.2971366712548758, 
"tps": 9963.4285714285725
}