{
"r_time": 2440710.8480434776, 
"quing_time": 17709.793744933366, 
"mc_wait_time": 2407702.5772410892, 
"nt_service_time": 1410.0591671335014, 
"wt_preprocess_time": 2128.2536560549879, 
"wt_service_time": 2128.2536560549879, 
"wt_postprocess_time": 2407702.5772410892, 
"avg_q_len": 0.17868586127532832, 
"tps": 633.11428571428576
}