{
"r_time": 2449928.5464051915, 
"quing_time": 19536.680166622624, 
"mc_wait_time": 2411007.2521760939, 
"nt_service_time": 1501.1870021979094, 
"wt_preprocess_time": 3582.0650975190129, 
"wt_service_time": 3582.0650975190129, 
"wt_postprocess_time": 2411007.2521760939, 
"avg_q_len": 0.15828911107568269, 
"tps": 627.24285714285713
}