{
"r_time": 8738060.7255395036, 
"quing_time": 6263533.7280982258, 
"mc_wait_time": 2461589.4331192211, 
"nt_service_time": 1074.5929255457256, 
"wt_preprocess_time": 1262.7585287381401, 
"wt_service_time": 1262.7585287381401, 
"wt_postprocess_time": 2461589.4331192211, 
"avg_q_len": 39.420665801139592, 
"tps": 7273.2999999999993
}