{
"r_time": 2412368.1219842341, 
"quing_time": 22433.156672526362, 
"mc_wait_time": 2376694.111721429, 
"nt_service_time": 1272.2533253288696, 
"wt_preprocess_time": 1592.464003622013, 
"wt_service_time": 1592.464003622013, 
"wt_postprocess_time": 2376694.111721429, 
"avg_q_len": 0.42176641878487653, 
"tps": 1231.3857142857141
}