{
"r_time": 8875985.1355994213, 
"quing_time": 6402871.0945665743, 
"mc_wait_time": 2460752.2591777146, 
"nt_service_time": 1067.2036666308757, 
"wt_preprocess_time": 1379.5661215556856, 
"wt_service_time": 1379.5661215556856, 
"wt_postprocess_time": 2460752.2591777146, 
"avg_q_len": 20.10849470714701, 
"tps": 3661.2714285714287
}