{
"r_time": 3550713.3883126331, 
"quing_time": 1144436.2111652824, 
"mc_wait_time": 2392683.5612113317, 
"nt_service_time": 1395.3125257786141, 
"wt_preprocess_time": 1913.2086883646302, 
"wt_service_time": 1913.2086883646302, 
"wt_postprocess_time": 2392683.5612113317, 
"avg_q_len": 8.127374123962424, 
"tps": 7185.3571428571431
}