{
"r_time": 2967058.7555807177, 
"quing_time": 205521.81208828519, 
"mc_wait_time": 2745268.9269466205, 
"nt_service_time": 1842.6547260559719, 
"wt_preprocess_time": 1885.167417869211, 
"wt_service_time": 1885.167417869211, 
"wt_postprocess_time": 2745268.9269466205, 
"avg_q_len": 4.9551813391393873, 
"tps": 7853.8714285714286
}