{
"r_time": 2416865.4660834977, 
"quing_time": 72500.545601530699, 
"mc_wait_time": 2329343.1421356504, 
"nt_service_time": 1260.4577339589569, 
"wt_preprocess_time": 3442.617458668687, 
"wt_service_time": 3442.617458668687, 
"wt_postprocess_time": 2329343.1421356504, 
"avg_q_len": 2.0444801318555927, 
"tps": 2704.2571428571428
}