{
"r_time": 38411711.186654344, 
"quing_time": 35959842.771475151, 
"mc_wait_time": 2437370.1359359869, 
"nt_service_time": 1074.0460442502917, 
"wt_preprocess_time": 3040.1041089920673, 
"wt_service_time": 3040.1041089920673, 
"wt_postprocess_time": 2437370.1359359869, 
"avg_q_len": 115.8899911884739, 
"tps": 3696.4571428571426
}