{
"r_time": 2486467.7194531159, 
"quing_time": 18260.027146104905, 
"mc_wait_time": 2454059.7122897045, 
"nt_service_time": 1391.864244758211, 
"wt_preprocess_time": 2314.1410168556213, 
"wt_service_time": 2314.1410168556213, 
"wt_postprocess_time": 2454059.7122897045, 
"avg_q_len": 0.11990945439928917, 
"tps": 675.27142857142849
}