{
"r_time": 6832132.6429361356, 
"quing_time": 2238662.1585106659, 
"mc_wait_time": 4577585.2886942839, 
"nt_service_time": 1734.0280820211906, 
"wt_preprocess_time": 2625.6972210843214, 
"wt_service_time": 2625.6972210843214, 
"wt_postprocess_time": 4577585.2886942839, 
"avg_q_len": 26.673350218697706, 
"tps": 11669.728571428572
}