{
"r_time": 2334072.8348723436, 
"quing_time": 27853.507989841157, 
"mc_wait_time": 2291943.5994595494, 
"nt_service_time": 1307.5292684944657, 
"wt_preprocess_time": 2403.6538404945718, 
"wt_service_time": 2403.6538404945718, 
"wt_postprocess_time": 2291943.5994595494, 
"avg_q_len": 0.50044300543638776, 
"tps": 1306.0142857142855
}