{
"r_time": 18669047.681692831, 
"quing_time": 16210185.024054654, 
"mc_wait_time": 2445621.522334307, 
"nt_service_time": 1081.6770430765234, 
"wt_preprocess_time": 2545.7346753953407, 
"wt_service_time": 2545.7346753953407, 
"wt_postprocess_time": 2445621.522334307, 
"avg_q_len": 52.076718037061177, 
"tps": 3681.9428571428571
}