{
"r_time": 2456974.4758375338, 
"quing_time": 21348.226167502526, 
"mc_wait_time": 2421891.2847336158, 
"nt_service_time": 1239.3013967661964, 
"wt_preprocess_time": 2627.5284855002942, 
"wt_service_time": 2627.5284855002942, 
"wt_postprocess_time": 2421891.2847336158, 
"avg_q_len": 0.39667883096532647, 
"tps": 1358.3857142857141
}