{
"r_time": 9614581.2406475656, 
"quing_time": 6423727.268220488, 
"mc_wait_time": 3172396.8638837496, 
"nt_service_time": 1333.4108319025347, 
"wt_preprocess_time": 3965.9010538537786, 
"wt_service_time": 3965.9010538537786, 
"wt_postprocess_time": 3172396.8638837496, 
"avg_q_len": 61.636697070407664, 
"tps": 10496.82857142857
}