{
"r_time": 4927002.3525542449, 
"quing_time": 1753864.3703571428, 
"mc_wait_time": 3158086.31280124, 
"nt_service_time": 1656.1708615588925, 
"wt_preprocess_time": 2312.784757338557, 
"wt_service_time": 2312.784757338557, 
"wt_postprocess_time": 3158086.31280124, 
"avg_q_len": 15.425083900994656, 
"tps": 9871.3285714285703
}