{
"r_time": 2459153.1801675092, 
"quing_time": 15347.033150597894, 
"mc_wait_time": 2429107.7636070033, 
"nt_service_time": 1225.1383940612998, 
"wt_preprocess_time": 1715.5053732995557, 
"wt_service_time": 1715.5053732995557, 
"wt_postprocess_time": 2429107.7636070033, 
"avg_q_len": 0.10413298511793724, 
"tps": 689.22857142857151
}