{
"r_time": 2451867.4833399579, 
"quing_time": 23096.71163638365, 
"mc_wait_time": 2415795.4031515694, 
"nt_service_time": 1267.4603011387994, 
"wt_preprocess_time": 1982.2319703264286, 
"wt_service_time": 1982.2319703264286, 
"wt_postprocess_time": 2415795.4031515694, 
"avg_q_len": 0.43528819693546489, 
"tps": 1334.1571428571428
}