{
"r_time": 39043696.765495703, 
"quing_time": 36538267.35446921, 
"mc_wait_time": 2492178.6384760672, 
"nt_service_time": 1090.3907282848791, 
"wt_preprocess_time": 1364.6782596442404, 
"wt_service_time": 1364.6782596442404, 
"wt_postprocess_time": 2492178.6384760672, 
"avg_q_len": 114.97691306621374, 
"tps": 3633.4714285714285
}