{
"r_time": 8702937.4764270037, 
"quing_time": 6224672.4375278819, 
"mc_wait_time": 2464587.276316802, 
"nt_service_time": 1096.602536686436, 
"wt_preprocess_time": 2621.5860559283828, 
"wt_service_time": 2621.5860559283828, 
"wt_postprocess_time": 2464587.276316802, 
"avg_q_len": 39.24808905072917, 
"tps": 7242.0999999999995
}