{
"r_time": 3680329.8587392583, 
"quing_time": 343385.62774099922, 
"mc_wait_time": 3317776.5863064462, 
"nt_service_time": 2649.8813172484015, 
"wt_preprocess_time": 1722.2827778574704, 
"wt_service_time": 1722.2827778574704, 
"wt_postprocess_time": 3317776.5863064462, 
"avg_q_len": 9.1683972126988937, 
"tps": 9612.9857142857145
}