{
"r_time": 3968655.891808264, 
"quing_time": 1490032.263026308, 
"mc_wait_time": 2466546.9147741813, 
"nt_service_time": 1091.0034846219423, 
"wt_preprocess_time": 1293.3732585255675, 
"wt_service_time": 1293.3732585255675, 
"wt_postprocess_time": 2466546.9147741813, 
"avg_q_len": 4.5291693414806184, 
"tps": 3605.0571428571429
}