{
"r_time": 2352691.0913609695, 
"quing_time": 55442.428353643641, 
"mc_wait_time": 2283753.2982559963, 
"nt_service_time": 1439.708963182353, 
"wt_preprocess_time": 1485.5207692151566, 
"wt_service_time": 1485.5207692151566, 
"wt_postprocess_time": 2283753.2982559963, 
"avg_q_len": 1.8256600823717462, 
"tps": 2448.8285714285712
}