{
"r_time": 2401567.8404982407, 
"quing_time": 17060.358362162591, 
"mc_wait_time": 2370027.6637795744, 
"nt_service_time": 1587.6718769133599, 
"wt_preprocess_time": 2201.196886373561, 
"wt_service_time": 2201.196886373561, 
"wt_postprocess_time": 2370027.6637795744, 
"avg_q_len": 0.052374059652198733, 
"tps": 700.7285714285714
}