{
"r_time": 3677888.7201202437, 
"quing_time": 1255414.9519378473, 
"mc_wait_time": 2406992.9256940614, 
"nt_service_time": 1210.2804767058569, 
"wt_preprocess_time": 3500.3141501464052, 
"wt_service_time": 3500.3141501464052, 
"wt_postprocess_time": 2406992.9256940614, 
"avg_q_len": 4.4545603354872902, 
"tps": 3665.457142857143
}