{
"r_time": 3848415.6735852798, 
"quing_time": 377321.23559039272, 
"mc_wait_time": 3454203.8550490048, 
"nt_service_time": 2730.2897299385941, 
"wt_preprocess_time": 1663.2174129415955, 
"wt_service_time": 1663.2174129415955, 
"wt_postprocess_time": 3454203.8550490048, 
"avg_q_len": 9.0248268250490487, 
"tps": 9604.2428571428572
}