{
"r_time": 2325048.8545832373, 
"quing_time": 94938.486845224455, 
"mc_wait_time": 2214871.5973818172, 
"nt_service_time": 1270.3844107716291, 
"wt_preprocess_time": 3331.8690825559834, 
"wt_service_time": 3331.8690825559834, 
"wt_postprocess_time": 2214871.5973818172, 
"avg_q_len": 3.351187242792502, 
"tps": 5023.0428571428574
}