{
"r_time": 2585476.4127825806, 
"quing_time": 172621.79710104474, 
"mc_wait_time": 2398180.8673817338, 
"nt_service_time": 1538.8772071832582, 
"wt_preprocess_time": 1586.7250960526003, 
"wt_service_time": 1586.7250960526003, 
"wt_postprocess_time": 2398180.8673817338, 
"avg_q_len": 5.3572896884550723, 
"tps": 8395.028571428571
}