{
"r_time": 2442417.7232391452, 
"quing_time": 19791.981376265085, 
"mc_wait_time": 2405417.8335476504, 
"nt_service_time": 1474.8707097665174, 
"wt_preprocess_time": 1787.4193482749974, 
"wt_service_time": 1787.4193482749974, 
"wt_postprocess_time": 2405417.8335476504, 
"avg_q_len": 0.18735973522544375, 
"tps": 630.18571428571431
}