{
"r_time": 2337961.5771388239, 
"quing_time": 21951.50391337731, 
"mc_wait_time": 2298583.2979296544, 
"nt_service_time": 1448.0326922844365, 
"wt_preprocess_time": 5177.3262167574649, 
"wt_service_time": 5177.3262167574649, 
"wt_postprocess_time": 2298583.2979296544, 
"avg_q_len": 0.48667401739672783, 
"tps": 1282.6714285714284
}