{
"r_time": 2336184.5017862087, 
"quing_time": 16645.608071625087, 
"mc_wait_time": 2301041.7385168737, 
"nt_service_time": 1425.9874761241924, 
"wt_preprocess_time": 5440.4981079149484, 
"wt_service_time": 5440.4981079149484, 
"wt_postprocess_time": 2301041.7385168737, 
"avg_q_len": 0.11149395397217526, 
"tps": 659.22857142857151
}