{
"r_time": 2397184.505107475, 
"quing_time": 60764.914267845932, 
"mc_wait_time": 2322563.257871856, 
"nt_service_time": 1347.0362001838857, 
"wt_preprocess_time": 1585.3082670410931, 
"wt_service_time": 1585.3082670410931, 
"wt_postprocess_time": 2322563.257871856, 
"avg_q_len": 1.8524289535467744, 
"tps": 2446.0857142857139
}