{
"r_time": 2428435.8514613211, 
"quing_time": 72588.401590380687, 
"mc_wait_time": 2343226.3529921593, 
"nt_service_time": 1253.76741933109, 
"wt_preprocess_time": 1429.8582207733291, 
"wt_service_time": 1429.8582207733291, 
"wt_postprocess_time": 2343226.3529921593, 
"avg_q_len": 2.0778671432826927, 
"tps": 2637.6428571428569
}