{
"r_time": 2431156.5672437833, 
"quing_time": 20495.011515508173, 
"mc_wait_time": 2398271.2945561986, 
"nt_service_time": 1303.4856718802389, 
"wt_preprocess_time": 1766.0333164045355, 
"wt_service_time": 1766.0333164045355, 
"wt_postprocess_time": 2398271.2945561986, 
"avg_q_len": 0.31306656156539076, 
"tps": 1232.3714285714286
}