{
"r_time": 3862338.2119293003, 
"quing_time": 1419822.0768738042, 
"mc_wait_time": 2429117.0254131854, 
"nt_service_time": 1146.7273903193882, 
"wt_preprocess_time": 1439.0280785796033, 
"wt_service_time": 1439.0280785796033, 
"wt_postprocess_time": 2429117.0254131854, 
"avg_q_len": 8.6382364563838081, 
"tps": 7121.6999999999998
}