{
"r_time": 2472669.3329112749, 
"quing_time": 16473.903234566838, 
"mc_wait_time": 2439326.2964233533, 
"nt_service_time": 1484.583345768438, 
"wt_preprocess_time": 1903.1869093972373, 
"wt_service_time": 1903.1869093972373, 
"wt_postprocess_time": 2439326.2964233533, 
"avg_q_len": 0.12920548951209437, 
"tps": 622.48571428571427
}