{
"r_time": 2687484.4143384369, 
"quing_time": 179099.75820379157, 
"mc_wait_time": 2492446.7898120917, 
"nt_service_time": 1848.03281308342, 
"wt_preprocess_time": 2123.0690759914496, 
"wt_service_time": 2123.0690759914496, 
"wt_postprocess_time": 2492446.7898120917, 
"avg_q_len": 5.3505692434861736, 
"tps": 8226.4571428571435
}