{
"r_time": 2283313.6359383995, 
"quing_time": 109621.70180377013, 
"mc_wait_time": 2157812.8637858648, 
"nt_service_time": 1314.5410839257956, 
"wt_preprocess_time": 2979.6354730533321, 
"wt_service_time": 2979.6354730533321, 
"wt_postprocess_time": 2157812.8637858648, 
"avg_q_len": 3.5869194930113721, 
"tps": 5132.8285714285712
}