{
"r_time": 4798125.0933443485, 
"quing_time": 1696492.6152595489, 
"mc_wait_time": 3085020.361410676, 
"nt_service_time": 1561.7834885310208, 
"wt_preprocess_time": 3622.9503640006974, 
"wt_service_time": 3622.9503640006974, 
"wt_postprocess_time": 3085020.361410676, 
"avg_q_len": 15.516324641751508, 
"tps": 9847.5142857142855
}