{
"r_time": 2404125.8517913111, 
"quing_time": 27544.872242548474, 
"mc_wait_time": 2364366.2352261068, 
"nt_service_time": 1301.2086447459558, 
"wt_preprocess_time": 1874.2060043587564, 
"wt_service_time": 1874.2060043587564, 
"wt_postprocess_time": 2364366.2352261068, 
"avg_q_len": 0.51482999758861825, 
"tps": 1244.0999999999999
}