{
"r_time": 3909829.5842789588, 
"quing_time": 1442495.4082266584, 
"mc_wait_time": 2453990.2618652205, 
"nt_service_time": 1111.1224913492822, 
"wt_preprocess_time": 1421.8285865285807, 
"wt_service_time": 1421.8285865285807, 
"wt_postprocess_time": 2453990.2618652205, 
"avg_q_len": 8.6931824625928602, 
"tps": 7053.6571428571424
}