{
"r_time": 18464682.880582944, 
"quing_time": 15999036.587298106, 
"mc_wait_time": 2450891.1139912372, 
"nt_service_time": 1170.5877620406736, 
"wt_preprocess_time": 2845.4458250777825, 
"wt_service_time": 2845.4458250777825, 
"wt_postprocess_time": 2450891.1139912372, 
"avg_q_len": 51.969111713221963, 
"tps": 3664.3571428571431
}