{
"r_time": 2921712.8339168141, 
"quing_time": 181549.10625765682, 
"mc_wait_time": 2722803.0809742492, 
"nt_service_time": 2333.6520709691204, 
"wt_preprocess_time": 1744.7173140809452, 
"wt_service_time": 1744.7173140809452, 
"wt_postprocess_time": 2722803.0809742492, 
"avg_q_len": 4.9677106449088253, 
"tps": 7319.5285714285719
}