{
"r_time": 8436470.7414233871, 
"quing_time": 5413251.2578741908, 
"mc_wait_time": 3007247.0684816511, 
"nt_service_time": 1395.6679623430084, 
"wt_preprocess_time": 1612.8617836871467, 
"wt_service_time": 1612.8617836871467, 
"wt_postprocess_time": 3007247.0684816511, 
"avg_q_len": 54.255035573601937, 
"tps": 10364.82857142857
}