{
"r_time": 3582350.4057779592, 
"quing_time": 1170019.0002182811, 
"mc_wait_time": 2396620.559801531, 
"nt_service_time": 1186.0138508027985, 
"wt_preprocess_time": 3069.3181783598711, 
"wt_service_time": 3069.3181783598711, 
"wt_postprocess_time": 2396620.559801531, 
"avg_q_len": 8.2797098100096989, 
"tps": 7232.6999999999998
}