{
"r_time": 2353328.4372988981, 
"quing_time": 106555.95077541488, 
"mc_wait_time": 2232303.2166962288, 
"nt_service_time": 1596.563866043195, 
"wt_preprocess_time": 1507.03414065159, 
"wt_service_time": 1507.03414065159, 
"wt_postprocess_time": 2232303.2166962288, 
"avg_q_len": 3.4469938745816093, 
"tps": 4771.6857142857143
}