{
"r_time": 8215012.0542215956, 
"quing_time": 5182425.8355873255, 
"mc_wait_time": 3015342.8340715514, 
"nt_service_time": 1410.4060395744743, 
"wt_preprocess_time": 1824.4620142958906, 
"wt_service_time": 1824.4620142958906, 
"wt_postprocess_time": 3015342.8340715514, 
"avg_q_len": 52.198955719247337, 
"tps": 10377.614285714286
}