{
"r_time": 2883498.7624494317, 
"quing_time": 206750.03906541638, 
"mc_wait_time": 2661211.9023835813, 
"nt_service_time": 2043.0104246908716, 
"wt_preprocess_time": 2229.8614753855027, 
"wt_service_time": 2229.8614753855027, 
"wt_postprocess_time": 2661211.9023835813, 
"avg_q_len": 5.3904078801135435, 
"tps": 8072.3999999999996
}