{
"r_time": 2910346.5401939545, 
"quing_time": 191123.64944725137, 
"mc_wait_time": 2702638.0350784808, 
"nt_service_time": 1877.4315277069838, 
"wt_preprocess_time": 2933.1206273262783, 
"wt_service_time": 2933.1206273262783, 
"wt_postprocess_time": 2702638.0350784808, 
"avg_q_len": 4.7895055343283159, 
"tps": 8120.7428571428572
}