{
"r_time": 3130853.2098851888, 
"quing_time": 218302.67641651281, 
"mc_wait_time": 2895974.3470042683, 
"nt_service_time": 2372.635445955375, 
"wt_preprocess_time": 2185.1161824927131, 
"wt_service_time": 2185.1161824927131, 
"wt_postprocess_time": 2895974.3470042683, 
"avg_q_len": 4.9621524221980753, 
"tps": 7309.7714285714283
}