{
"r_time": 2460618.7213006178, 
"quing_time": 79814.679812052142, 
"mc_wait_time": 2365295.5474790307, 
"nt_service_time": 1893.6412299613437, 
"wt_preprocess_time": 1803.2458340520161, 
"wt_service_time": 1803.2458340520161, 
"wt_postprocess_time": 2365295.5474790307, 
"avg_q_len": 2.6220442231933152, 
"tps": 4580.0142857142855
}