{
"r_time": 18156576.263729628, 
"quing_time": 15701396.122263771, 
"mc_wait_time": 2440381.7222254695, 
"nt_service_time": 1147.7438589845533, 
"wt_preprocess_time": 2622.3109058522482, 
"wt_service_time": 2622.3109058522482, 
"wt_postprocess_time": 2440381.7222254695, 
"avg_q_len": 101.87607318844238, 
"tps": 7357.9142857142861
}