{
"r_time": 2396673.7170369877, 
"quing_time": 74661.356187047582, 
"mc_wait_time": 2308414.1100214589, 
"nt_service_time": 1271.3660017038976, 
"wt_preprocess_time": 1734.9978055563251, 
"wt_service_time": 1734.9978055563251, 
"wt_postprocess_time": 2308414.1100214589, 
"avg_q_len": 2.0666285433323357, 
"tps": 2673.0285714285715
}