{
"r_time": 2314630.7790303715, 
"quing_time": 68656.298324653093, 
"mc_wait_time": 2227945.4667204353, 
"nt_service_time": 1304.0818000891909, 
"wt_preprocess_time": 5424.0838552645364, 
"wt_service_time": 5424.0838552645364, 
"wt_postprocess_time": 2227945.4667204353, 
"avg_q_len": 2.1413537431236547, 
"tps": 2568.3285714285712
}