{
"r_time": 3621682.1875981004, 
"quing_time": 1233557.8405237561, 
"mc_wait_time": 2374396.6544032199, 
"nt_service_time": 1151.1491214122091, 
"wt_preprocess_time": 2063.5820849407228, 
"wt_service_time": 2063.5820849407228, 
"wt_postprocess_time": 2374396.6544032199, 
"avg_q_len": 4.461393140491416, 
"tps": 3712.8857142857141
}