{
"r_time": 2386732.4880405175, 
"quing_time": 82221.80042904109, 
"mc_wait_time": 2286939.5379570685, 
"nt_service_time": 1283.6481882183248, 
"wt_preprocess_time": 5845.0893614607676, 
"wt_service_time": 5845.0893614607676, 
"wt_postprocess_time": 2286939.5379570685, 
"avg_q_len": 2.1425474366650836, 
"tps": 2767.5999999999999
}