{
"r_time": 2295969.8251917311, 
"quing_time": 68058.938045351737, 
"mc_wait_time": 2210955.8603571169, 
"nt_service_time": 1324.9216256345708, 
"wt_preprocess_time": 4440.3350516442952, 
"wt_service_time": 4440.3350516442952, 
"wt_postprocess_time": 2210955.8603571169, 
"avg_q_len": 2.0823037800687287, 
"tps": 2598.2142857142858
}