{
"r_time": 2904690.3053848967, 
"quing_time": 206636.96019932779, 
"mc_wait_time": 2682548.2226022761, 
"nt_service_time": 1916.5994316082692, 
"wt_preprocess_time": 1626.4129890833526, 
"wt_service_time": 1626.4129890833526, 
"wt_postprocess_time": 2682548.2226022761, 
"avg_q_len": 5.2960992812916414, 
"tps": 8008.4142857142851
}