{
"r_time": 2344449.7645433405, 
"quing_time": 81193.509434248976, 
"mc_wait_time": 2248466.4370825519, 
"nt_service_time": 1603.009436356725, 
"wt_preprocess_time": 2388.9098596664826, 
"wt_service_time": 2388.9098596664826, 
"wt_postprocess_time": 2248466.4370825519, 
"avg_q_len": 2.8824915168745413, 
"tps": 4984.6857142857143
}