{
"r_time": 2376190.3007914075, 
"quing_time": 95127.806222067011, 
"mc_wait_time": 2267766.4937123163, 
"nt_service_time": 1276.4402835723481, 
"wt_preprocess_time": 2426.5608053570113, 
"wt_service_time": 2426.5608053570113, 
"wt_postprocess_time": 2267766.4937123163, 
"avg_q_len": 2.9433085329178401, 
"tps": 5382.0142857142855
}