{
"r_time": 2410007.1308954181, 
"quing_time": 105068.89288621847, 
"mc_wait_time": 2289066.4342130953, 
"nt_service_time": 1398.7256470176394, 
"wt_preprocess_time": 4023.6810081166263, 
"wt_service_time": 4023.6810081166263, 
"wt_postprocess_time": 2289066.4342130953, 
"avg_q_len": 2.941584419640213, 
"tps": 5306.3142857142857
}