{
"r_time": 2827836.0610077986, 
"quing_time": 172216.14605229857, 
"mc_wait_time": 2637138.940152884, 
"nt_service_time": 2076.1504976497408, 
"wt_preprocess_time": 3488.7204972744416, 
"wt_service_time": 3488.7204972744416, 
"wt_postprocess_time": 2637138.940152884, 
"avg_q_len": 4.816970201598739, 
"tps": 7686.4142857142861
}