{
"r_time": 2506995.8851465564, 
"quing_time": 80290.409975638177, 
"mc_wait_time": 2409720.9488262748, 
"nt_service_time": 2127.1813428523669, 
"wt_preprocess_time": 2003.4123460255319, 
"wt_service_time": 2003.4123460255319, 
"wt_postprocess_time": 2409720.9488262748, 
"avg_q_len": 2.6158561284034381, 
"tps": 4514.3428571428576
}