{
"r_time": 2496508.3316382561, 
"quing_time": 77046.562856860735, 
"mc_wait_time": 2404417.6406924496, 
"nt_service_time": 1754.7255043348421, 
"wt_preprocess_time": 2428.7679468441379, 
"wt_service_time": 2428.7679468441379, 
"wt_postprocess_time": 2404417.6406924496, 
"avg_q_len": 2.4965370973254961, 
"tps": 5098.9428571428562
}