{
"r_time": 2435939.841390037, 
"quing_time": 17773.93317547191, 
"mc_wait_time": 2402123.7923183157, 
"nt_service_time": 1399.8419371726536, 
"wt_preprocess_time": 2691.5858648182516, 
"wt_service_time": 2691.5858648182516, 
"wt_postprocess_time": 2402123.7923183157, 
"avg_q_len": 0.11625595735549883, 
"tps": 632.47142857142865
}