{
"r_time": 2394170.3545851493, 
"quing_time": 132282.38571393688, 
"mc_wait_time": 2247961.6901643076, 
"nt_service_time": 1249.7275365841292, 
"wt_preprocess_time": 1708.9352637043939, 
"wt_service_time": 1708.9352637043939, 
"wt_postprocess_time": 2247961.6901643076, 
"avg_q_len": 3.4936555028307046, 
"tps": 5301.5571428571438
}