{
"r_time": 2380871.8582314034, 
"quing_time": 16302.788244373685, 
"mc_wait_time": 2349235.6364234155, 
"nt_service_time": 1455.5640969560843, 
"wt_preprocess_time": 2147.2065618921943, 
"wt_service_time": 2147.2065618921943, 
"wt_postprocess_time": 2349235.6364234155, 
"avg_q_len": 0.1170906501079433, 
"tps": 641.87142857142862
}