{
"r_time": 2387491.595017815, 
"quing_time": 21552.349350955152, 
"mc_wait_time": 2351632.5509413905, 
"nt_service_time": 1316.8291407446345, 
"wt_preprocess_time": 1967.6918085628963, 
"wt_service_time": 1967.6918085628963, 
"wt_postprocess_time": 2351632.5509413905, 
"avg_q_len": 0.36269849531013265, 
"tps": 1235.1857142857143
}