{
"r_time": 2414407.7805747567, 
"quing_time": 116800.63408189011, 
"mc_wait_time": 2281121.2062728242, 
"nt_service_time": 1280.7519429349404, 
"wt_preprocess_time": 4877.8980113144917, 
"wt_service_time": 4877.8980113144917, 
"wt_postprocess_time": 2281121.2062728242, 
"avg_q_len": 3.3244951849659583, 
"tps": 5285.528571428571
}