{
"r_time": 2406584.0369366133, 
"quing_time": 31846.46098629287, 
"mc_wait_time": 2360494.1686770106, 
"nt_service_time": 1262.7173993294994, 
"wt_preprocess_time": 4869.8340563001275, 
"wt_service_time": 4869.8340563001275, 
"wt_postprocess_time": 2360494.1686770106, 
"avg_q_len": 0.81307465887136743, 
"tps": 1412.3285714285714
}