{
"r_time": 2342792.1390817445, 
"quing_time": 29352.290421510381, 
"mc_wait_time": 2298804.9523836309, 
"nt_service_time": 1246.3486261087482, 
"wt_preprocess_time": 5224.9992808229217, 
"wt_service_time": 5224.9992808229217, 
"wt_postprocess_time": 2298804.9523836309, 
"avg_q_len": 0.78217762647076394, 
"tps": 1435.1142857142856
}