{
"r_time": 17769075.139987562, 
"quing_time": 15369147.41006357, 
"mc_wait_time": 2384871.4088109434, 
"nt_service_time": 1152.9557920986622, 
"wt_preprocess_time": 2970.7817924418637, 
"wt_service_time": 2970.7817924418637, 
"wt_postprocess_time": 2384871.4088109434, 
"avg_q_len": 102.15430060353671, 
"tps": 7505.7571428571428
}