{
"r_time": 19118308.145322435, 
"quing_time": 16597206.414573032, 
"mc_wait_time": 2508402.9279162074, 
"nt_service_time": 1087.7007035691663, 
"wt_preprocess_time": 1314.8539959163145, 
"wt_service_time": 1314.8539959163145, 
"wt_postprocess_time": 2508402.9279162074, 
"avg_q_len": 52.035408066052717, 
"tps": 3598.8571428571431
}