{
"r_time": 8425044.6123258658, 
"quing_time": 5991749.8663385892, 
"mc_wait_time": 2419441.7663884959, 
"nt_service_time": 1150.1777868353199, 
"wt_preprocess_time": 1384.2337439650498, 
"wt_service_time": 1384.2337439650498, 
"wt_postprocess_time": 2419441.7663884959, 
"avg_q_len": 19.918257627328423, 
"tps": 3693.4857142857145
}