{
"r_time": 2340912.0515052248, 
"quing_time": 15877.343363300344, 
"mc_wait_time": 2309414.5164850354, 
"nt_service_time": 1405.0933349062627, 
"wt_preprocess_time": 2541.0132577254808, 
"wt_service_time": 2541.0132577254808, 
"wt_postprocess_time": 2309414.5164850354, 
"avg_q_len": 0.10728163541138706, 
"tps": 676.4571428571428
}