{
"r_time": 3438732.0412409832, 
"quing_time": 328324.19630748138, 
"mc_wait_time": 3094262.0670473762, 
"nt_service_time": 2150.0840098731364, 
"wt_preprocess_time": 1583.4234094000828, 
"wt_service_time": 1583.4234094000828, 
"wt_postprocess_time": 3094262.0670473762, 
"avg_q_len": 9.3859265563523735, 
"tps": 10239.142857142859
}