{
"r_time": 2384759.8364623459, 
"quing_time": 19811.103315092252, 
"mc_wait_time": 2348846.5421043052, 
"nt_service_time": 1234.0976750681796, 
"wt_preprocess_time": 5038.7782401306158, 
"wt_service_time": 5038.7782401306158, 
"wt_postprocess_time": 2348846.5421043052, 
"avg_q_len": 0.34767744496890024, 
"tps": 1295.3714285714286
}