{
"r_time": 8642174.2315422744, 
"quing_time": 6163646.284950519, 
"mc_wait_time": 2465496.3839669297, 
"nt_service_time": 1063.8596700449523, 
"wt_preprocess_time": 1359.9581720329461, 
"wt_service_time": 1359.9581720329461, 
"wt_postprocess_time": 2465496.3839669297, 
"avg_q_len": 38.968487092582841, 
"tps": 7245.5571428571429
}