{
"r_time": 6315916.6404526057, 
"quing_time": 1811405.3113826108, 
"mc_wait_time": 4487812.0968542881, 
"nt_service_time": 2236.7455539350894, 
"wt_preprocess_time": 2302.4269494866958, 
"wt_service_time": 2302.4269494866958, 
"wt_postprocess_time": 4487812.0968542881, 
"avg_q_len": 23.143545624517866, 
"tps": 10926.142857142859
}