{
"r_time": 2354482.3155362867, 
"quing_time": 80552.484143668742, 
"mc_wait_time": 2259801.3627644856, 
"nt_service_time": 1611.1007985764313, 
"wt_preprocess_time": 1542.7447355566067, 
"wt_service_time": 1542.7447355566067, 
"wt_postprocess_time": 2259801.3627644856, 
"avg_q_len": 2.7563335214379197, 
"tps": 4759.2571428571428
}