{
"r_time": 2388465.3864274295, 
"quing_time": 56053.487329144926, 
"mc_wait_time": 2320419.6501088375, 
"nt_service_time": 1324.4812018232274, 
"wt_preprocess_time": 1336.2937538913388, 
"wt_service_time": 1336.2937538913388, 
"wt_postprocess_time": 2320419.6501088375, 
"avg_q_len": 1.6249223219834144, 
"tps": 2666.6857142857143
}