{
"r_time": 5335300.8709698953, 
"quing_time": 1530522.9030068195, 
"mc_wait_time": 3787469.3790514753, 
"nt_service_time": 1672.1798779046069, 
"wt_preprocess_time": 1764.6854106207848, 
"wt_service_time": 1764.6854106207848, 
"wt_postprocess_time": 3787469.3790514753, 
"avg_q_len": 24.193680674594329, 
"tps": 11150.828571428572
}