{
"r_time": 3816647.8422370376, 
"quing_time": 1392025.399172792, 
"mc_wait_time": 2412325.6856447831, 
"nt_service_time": 1121.3812428590479, 
"wt_preprocess_time": 1315.4894543185083, 
"wt_service_time": 1315.4894543185083, 
"wt_postprocess_time": 2412325.6856447831, 
"avg_q_len": 8.6329051285604006, 
"tps": 7217.2857142857138
}