{
"r_time": 2306195.2816989208, 
"quing_time": 67260.024482287612, 
"mc_wait_time": 2224231.0707931845, 
"nt_service_time": 1295.622120127462, 
"wt_preprocess_time": 2144.3847998976071, 
"wt_service_time": 2144.3847998976071, 
"wt_postprocess_time": 2224231.0707931845, 
"avg_q_len": 2.1989155752834666, 
"tps": 2600.457142857143
}