{
"r_time": 2335817.3170072385, 
"quing_time": 55218.258423085703, 
"mc_wait_time": 2266013.2492234996, 
"nt_service_time": 1434.8222187846291, 
"wt_preprocess_time": 2486.8309119385767, 
"wt_service_time": 2486.8309119385767, 
"wt_postprocess_time": 2266013.2492234996, 
"avg_q_len": 1.719545037979096, 
"tps": 2540.8714285714286
}