{
"r_time": 2382130.4165801713, 
"quing_time": 29303.071747680049, 
"mc_wait_time": 2337647.0785088977, 
"nt_service_time": 1401.3114039044103, 
"wt_preprocess_time": 2403.1958412364916, 
"wt_service_time": 2403.1958412364916, 
"wt_postprocess_time": 2337647.0785088977, 
"avg_q_len": 0.72153783212491762, 
"tps": 1257.0571428571429
}