{
"r_time": 2562836.5894279662, 
"quing_time": 177621.69516195517, 
"mc_wait_time": 2370204.8557355171, 
"nt_service_time": 1537.0360579583887, 
"wt_preprocess_time": 1670.5544240676882, 
"wt_service_time": 1670.5544240676882, 
"wt_postprocess_time": 2370204.8557355171, 
"avg_q_len": 5.498307719520243, 
"tps": 8399.4857142857145
}