{
"r_time": 2365383.2236341778, 
"quing_time": 14164.574353627544, 
"mc_wait_time": 2336116.5836061863, 
"nt_service_time": 1515.4025915047237, 
"wt_preprocess_time": 3558.6313021040328, 
"wt_service_time": 3558.6313021040328, 
"wt_postprocess_time": 2336116.5836061863, 
"avg_q_len": 0.059414094670379232, 
"tps": 728.5428571428572
}