{
"r_time": 2405239.7236925894, 
"quing_time": 20561.475952893827, 
"mc_wait_time": 2372177.290716093, 
"nt_service_time": 1234.8096639189785, 
"wt_preprocess_time": 1410.887088215165, 
"wt_service_time": 1410.887088215165, 
"wt_postprocess_time": 2372177.290716093, 
"avg_q_len": 0.39602801296122087, 
"tps": 1366.7142857142858
}