{
"r_time": 8792516.7874888778, 
"quing_time": 6290353.6415436463, 
"mc_wait_time": 2488925.5664989669, 
"nt_service_time": 1184.1478343820202, 
"wt_preprocess_time": 1460.9163593975882, 
"wt_service_time": 1460.9163593975882, 
"wt_postprocess_time": 2488925.5664989669, 
"avg_q_len": 39.137869837738371, 
"tps": 7204.4142857142851
}