{
"r_time": 3512272.2312772395, 
"quing_time": 1123625.0451702676, 
"mc_wait_time": 2371992.0137891201, 
"nt_service_time": 1155.7866398149131, 
"wt_preprocess_time": 4093.3589359526732, 
"wt_service_time": 4093.3589359526732, 
"wt_postprocess_time": 2371992.0137891201, 
"avg_q_len": 8.2132817286394264, 
"tps": 7275.0857142857139
}