{
"r_time": 2329343.6679622848, 
"quing_time": 71492.842651055733, 
"mc_wait_time": 2238770.3493373711, 
"nt_service_time": 1359.3669160199327, 
"wt_preprocess_time": 6310.8344976171275, 
"wt_service_time": 6310.8344976171275, 
"wt_postprocess_time": 2238770.3493373711, 
"avg_q_len": 2.1524302753116311, 
"tps": 2548.8000000000002
}