{
"r_time": 37643545.888775006, 
"quing_time": 35211222.35820242, 
"mc_wait_time": 2418392.3979596454, 
"nt_service_time": 1132.7998139958931, 
"wt_preprocess_time": 1424.0369642194391, 
"wt_service_time": 1424.0369642194391, 
"wt_postprocess_time": 2418392.3979596454, 
"avg_q_len": 115.4888689670032, 
"tps": 3712.9142857142856
}