{
"r_time": 4042695.0522438064, 
"quing_time": 301361.39848163218, 
"mc_wait_time": 3722959.9311200147, 
"nt_service_time": 2492.5796654477103, 
"wt_preprocess_time": 3084.0812789452375, 
"wt_service_time": 3084.0812789452375, 
"wt_postprocess_time": 3722959.9311200147, 
"avg_q_len": 8.4818743390584554, 
"tps": 9793.9285714285706
}