{
"r_time": 3993394.1706188153, 
"quing_time": 1556490.3267713103, 
"mc_wait_time": 2422934.7947768066, 
"nt_service_time": 1090.9850818540835, 
"wt_preprocess_time": 2979.3806353801956, 
"wt_service_time": 2979.3806353801956, 
"wt_postprocess_time": 2422934.7947768066, 
"avg_q_len": 4.5519819735528939, 
"tps": 3664.457142857143
}