{
"r_time": 2349531.6470016632, 
"quing_time": 47517.750978538912, 
"mc_wait_time": 2289074.6999475849, 
"nt_service_time": 1305.3023226860296, 
"wt_preprocess_time": 2467.1822433589559, 
"wt_service_time": 2467.1822433589559, 
"wt_postprocess_time": 2289074.6999475849, 
"avg_q_len": 1.40121499851639, 
"tps": 2744.2714285714287
}