{
"r_time": 2329392.3146988163, 
"quing_time": 115680.04799104491, 
"mc_wait_time": 2194793.2445775513, 
"nt_service_time": 1337.8138069606432, 
"wt_preprocess_time": 5848.466812354598, 
"wt_service_time": 5848.466812354598, 
"wt_postprocess_time": 2194793.2445775513, 
"avg_q_len": 3.6429196261999732, 
"tps": 5046.2428571428572
}