{
"r_time": 5606549.3530115914, 
"quing_time": 1533427.9744531885, 
"mc_wait_time": 4052166.6580238459, 
"nt_service_time": 2168.867752900821, 
"wt_preprocess_time": 1870.8598559502761, 
"wt_service_time": 1870.8598559502761, 
"wt_postprocess_time": 4052166.6580238459, 
"avg_q_len": 22.725891711507284, 
"tps": 11155.914285714287
}