{
"r_time": 2362383.0788961453, 
"quing_time": 99915.455073488498, 
"mc_wait_time": 2248250.9666556949, 
"nt_service_time": 1419.5636537972375, 
"wt_preprocess_time": 1573.3645604832859, 
"wt_service_time": 1573.3645604832859, 
"wt_postprocess_time": 2248250.9666556949, 
"avg_q_len": 3.375976146113814, 
"tps": 4891.6857142857134
}