{
"r_time": 3986524.9605796626, 
"quing_time": 1186098.9901381859, 
"mc_wait_time": 2784979.532742505, 
"nt_service_time": 1618.8041728862418, 
"wt_preprocess_time": 1623.311698893883, 
"wt_service_time": 1623.311698893883, 
"wt_postprocess_time": 2784979.532742505, 
"avg_q_len": 13.903956631852877, 
"tps": 9837.3714285714286
}