{
"r_time": 9957148.955898121, 
"quing_time": 6798223.5189878102, 
"mc_wait_time": 3145453.8118963288, 
"nt_service_time": 1265.6279838871069, 
"wt_preprocess_time": 2027.46635149239, 
"wt_service_time": 2027.46635149239, 
"wt_postprocess_time": 3145453.8118963288, 
"avg_q_len": 64.545800767827572, 
"tps": 10705.528571428571
}