{
"r_time": 2370347.5373457335, 
"quing_time": 18161.815120920335, 
"mc_wait_time": 2339086.0379697112, 
"nt_service_time": 1191.356335529824, 
"wt_preprocess_time": 2931.1379641958756, 
"wt_service_time": 2931.1379641958756, 
"wt_postprocess_time": 2339086.0379697112, 
"avg_q_len": 0.29522447406325442, 
"tps": 1408.3714285714286
}