{
"r_time": 18306211.263161574, 
"quing_time": 15844714.061830366, 
"mc_wait_time": 2447187.8886928014, 
"nt_service_time": 1091.2117599972362, 
"wt_preprocess_time": 2497.3893603019974, 
"wt_service_time": 2497.3893603019974, 
"wt_postprocess_time": 2447187.8886928014, 
"avg_q_len": 101.09922002291987, 
"tps": 7329.8857142857141
}