{
"r_time": 2383515.8611431122, 
"quing_time": 15701.385973791264, 
"mc_wait_time": 2353681.1365492158, 
"nt_service_time": 1689.5569354984209, 
"wt_preprocess_time": 2623.409414043781, 
"wt_service_time": 2623.409414043781, 
"wt_postprocess_time": 2353681.1365492158, 
"avg_q_len": 0.067880471343937848, 
"tps": 658.29999999999995
}