{
"r_time": 2429791.0223796526, 
"quing_time": 68125.598645223421, 
"mc_wait_time": 2348283.5702639017, 
"nt_service_time": 1322.3603617814413, 
"wt_preprocess_time": 1630.0474075024333, 
"wt_service_time": 1630.0474075024333, 
"wt_postprocess_time": 2348283.5702639017, 
"avg_q_len": 1.8334350115592088, 
"tps": 2669.4857142857145
}