{
"r_time": 8928391.1846764088, 
"quing_time": 6437660.1474977583, 
"mc_wait_time": 2478332.476264365, 
"nt_service_time": 1083.3927551037566, 
"wt_preprocess_time": 1292.0058675209877, 
"wt_service_time": 1292.0058675209877, 
"wt_postprocess_time": 2478332.476264365, 
"avg_q_len": 20.172820291673201, 
"tps": 3644.0
}