{
"r_time": 2463989.0673760558, 
"quing_time": 15730.804565664983, 
"mc_wait_time": 2433475.9837031215, 
"nt_service_time": 1296.8494458771659, 
"wt_preprocess_time": 2001.7196913521857, 
"wt_service_time": 2001.7196913521857, 
"wt_postprocess_time": 2433475.9837031215, 
"avg_q_len": 0.12832994986949497, 
"tps": 689.62857142857138
}