{
"r_time": 3531049.552984545, 
"quing_time": 1136714.0134563036, 
"mc_wait_time": 2380243.2097798339, 
"nt_service_time": 1144.0170185235775, 
"wt_preprocess_time": 1384.7881083658172, 
"wt_service_time": 1384.7881083658172, 
"wt_postprocess_time": 2380243.2097798339, 
"avg_q_len": 4.3988166867228236, 
"tps": 3703.8857142857141
}