{
"r_time": 6515026.6735570412, 
"quing_time": 2084537.5648556822, 
"mc_wait_time": 4416050.0913153207, 
"nt_service_time": 1522.4031121657763, 
"wt_preprocess_time": 2179.2306780381618, 
"wt_service_time": 2179.2306780381618, 
"wt_postprocess_time": 4416050.0913153207, 
"avg_q_len": 26.211954504246286, 
"tps": 11314.085714285715
}