{
"r_time": 2358379.1675055213, 
"quing_time": 99581.867422713171, 
"mc_wait_time": 2244946.656813425, 
"nt_service_time": 1442.181458502175, 
"wt_preprocess_time": 1562.9605293161007, 
"wt_service_time": 1562.9605293161007, 
"wt_postprocess_time": 2244946.656813425, 
"avg_q_len": 3.3242343878823597, 
"tps": 4799.6142857142859
}