{
"r_time": 4809656.4371941891, 
"quing_time": 1313645.2658936079, 
"mc_wait_time": 3480167.4363000281, 
"nt_service_time": 2003.1362974429439, 
"wt_preprocess_time": 1615.5091687525851, 
"wt_service_time": 1615.5091687525851, 
"wt_postprocess_time": 3480167.4363000281, 
"avg_q_len": 23.404918374342188, 
"tps": 10627.785714285714
}