{
"r_time": 18567456.869164258, 
"quing_time": 16103131.926040374, 
"mc_wait_time": 2449545.9090481987, 
"nt_service_time": 1123.1675878325652, 
"wt_preprocess_time": 3018.9141871874995, 
"wt_service_time": 3018.9141871874995, 
"wt_postprocess_time": 2449545.9090481987, 
"avg_q_len": 102.63130458515283, 
"tps": 7328.0
}