{
"r_time": 31167319.917085841, 
"quing_time": 29786226.35218697, 
"mc_wait_time": 1366142.8043882819, 
"nt_service_time": 1100.3141472973282, 
"wt_preprocess_time": 1538.2361619820763, 
"wt_service_time": 1538.2361619820763, 
"wt_postprocess_time": 1366142.8043882819, 
"avg_q_len": 171.52300022760468, 
"tps": 6464.8428571428576
}