{
"r_time": 2101260.8321529087, 
"quing_time": 628903.89087766502, 
"mc_wait_time": 1451270.8642367041, 
"nt_service_time": 3758.2423072090151, 
"wt_preprocess_time": 1962.8604959224249, 
"wt_service_time": 1962.8604959224249, 
"wt_postprocess_time": 1451270.8642367041, 
"avg_q_len": 12.473320901809686, 
"tps": 12717.285714285714
}