{
"r_time": 10107459.384652872, 
"quing_time": 8925696.0914847329, 
"mc_wait_time": 1156309.1968768279, 
"nt_service_time": 1508.3571744131182, 
"wt_preprocess_time": 3416.0814155510761, 
"wt_service_time": 3416.0814155510761, 
"wt_postprocess_time": 1156309.1968768279, 
"avg_q_len": 60.5718519394919, 
"tps": 7486.1285714285714
}