{
"r_time": 19074642.960962042, 
"quing_time": 15038187.730243461, 
"mc_wait_time": 4004314.7459806586, 
"nt_service_time": 3492.8937324383428, 
"wt_preprocess_time": 3555.3102887441382, 
"wt_service_time": 3555.3102887441382, 
"wt_postprocess_time": 4004314.7459806586, 
"avg_q_len": 115.03873951543376, 
"tps": 8865.0714285714275
}