{
"r_time": 9932780.6912836842, 
"quing_time": 8758521.0193207227, 
"mc_wait_time": 1147858.7016796372, 
"nt_service_time": 1557.8388835403091, 
"wt_preprocess_time": 3743.5721371471236, 
"wt_service_time": 3743.5721371471236, 
"wt_postprocess_time": 1147858.7016796372, 
"avg_q_len": 59.923597465727653, 
"tps": 7517.5142857142855
}