{
"r_time": 5413208.5242284369, 
"quing_time": 3319475.1211082838, 
"mc_wait_time": 2063866.7993673873, 
"nt_service_time": 3987.9658638588608, 
"wt_preprocess_time": 2336.7458443717724, 
"wt_service_time": 2336.7458443717724, 
"wt_postprocess_time": 2063866.7993673873, 
"avg_q_len": 48.116731762270476, 
"tps": 14988.942857142858
}