{
"r_time": 25305537.38379718, 
"quing_time": 20350840.63590781, 
"mc_wait_time": 4928497.5139084887, 
"nt_service_time": 2397.6034282668179, 
"wt_preprocess_time": 3427.2586935475019, 
"wt_service_time": 3427.2586935475019, 
"wt_postprocess_time": 4928497.5139084887, 
"avg_q_len": 127.93361924150244, 
"tps": 7305.0428571428574
}