{
"r_time": 20696263.520417489, 
"quing_time": 18794066.312593006, 
"mc_wait_time": 1884175.8919964239, 
"nt_service_time": 1123.5863898440666, 
"wt_preprocess_time": 2611.3378727529239, 
"wt_service_time": 2611.3378727529239, 
"wt_postprocess_time": 1884175.8919964239, 
"avg_q_len": 78.997357327314745, 
"tps": 4740.8714285714286
}