{
"r_time": 24822659.550201476, 
"quing_time": 19945500.983602673, 
"mc_wait_time": 4849460.8909575595, 
"nt_service_time": 2112.6322535539316, 
"wt_preprocess_time": 4870.6412794281096, 
"wt_service_time": 4870.6412794281096, 
"wt_postprocess_time": 4849460.8909575595, 
"avg_q_len": 128.02758474526837, 
"tps": 7347.2285714285717
}