{
"r_time": 9785448.1011285931, 
"quing_time": 8666074.4085991383, 
"mc_wait_time": 1096824.6158355861, 
"nt_service_time": 1380.4118694963558, 
"wt_preprocess_time": 2402.6470195649099, 
"wt_service_time": 2402.6470195649099, 
"wt_postprocess_time": 1096824.6158355861, 
"avg_q_len": 61.143495361888242, 
"tps": 7914.2428571428572
}