{
"r_time": 6879254.1756774876, 
"quing_time": 4479594.2794977874, 
"mc_wait_time": 2368350.0317361569, 
"nt_service_time": 4639.3155170620021, 
"wt_preprocess_time": 3144.2896532898526, 
"wt_service_time": 3144.2896532898526, 
"wt_postprocess_time": 2368350.0317361569, 
"avg_q_len": 54.883522484313083, 
"tps": 13530.385714285716
}