{
"r_time": 10221017.303279426, 
"quing_time": 6160802.2949019326, 
"mc_wait_time": 4035879.646074377, 
"nt_service_time": 1683.6449066939745, 
"wt_preprocess_time": 3154.3101479290544, 
"wt_service_time": 3154.3101479290544, 
"wt_postprocess_time": 4035879.646074377, 
"avg_q_len": 46.32338464019643, 
"tps": 8680.7285714285717
}