{
"r_time": 21233786.674632035, 
"quing_time": 19418647.147290982, 
"mc_wait_time": 1796087.4337730764, 
"nt_service_time": 1384.5543531822707, 
"wt_preprocess_time": 2604.2116724309726, 
"wt_service_time": 2604.2116724309726, 
"wt_postprocess_time": 1796087.4337730764, 
"avg_q_len": 83.524072531743599, 
"tps": 4888.5
}