{
"r_time": 6908207.2723081708, 
"quing_time": 3029041.0769769652, 
"mc_wait_time": 3853047.4037601743, 
"nt_service_time": 2632.893906756246, 
"wt_preprocess_time": 2781.7842386542379, 
"wt_service_time": 2781.7842386542379, 
"wt_postprocess_time": 3853047.4037601743, 
"avg_q_len": 23.937118629140823, 
"tps": 9083.7714285714283
}