{
"r_time": 12617798.682170965, 
"quing_time": 11257040.677073516, 
"mc_wait_time": 1333746.3880520239, 
"nt_service_time": 1532.9437638198708, 
"wt_preprocess_time": 4947.1753627384751, 
"wt_service_time": 4947.1753627384751, 
"wt_postprocess_time": 1333746.3880520239, 
"avg_q_len": 65.328298003165983, 
"tps": 6551.7999999999993
}