{
"r_time": 28836861.724152293, 
"quing_time": 27496473.739056095, 
"mc_wait_time": 1315166.829530498, 
"nt_service_time": 1513.6553542444663, 
"wt_preprocess_time": 4021.8690363123255, 
"wt_service_time": 4021.8690363123255, 
"wt_postprocess_time": 1315166.829530498, 
"avg_q_len": 161.13974953785544, 
"tps": 6715.5857142857149
}