{
"r_time": 2460347.4637553468, 
"quing_time": 792284.92534225015, 
"mc_wait_time": 1644999.4515261557, 
"nt_service_time": 3595.6527263659327, 
"wt_preprocess_time": 2458.6965836181221, 
"wt_service_time": 2458.6965836181221, 
"wt_postprocess_time": 1644999.4515261557, 
"avg_q_len": 13.891498098196983, 
"tps": 12465.614285714286
}