{
"r_time": 45215777.534749918, 
"quing_time": 43247587.772907004, 
"mc_wait_time": 1948871.8628851059, 
"nt_service_time": 1344.0202927725175, 
"wt_preprocess_time": 2441.0205120974897, 
"wt_service_time": 2441.0205120974897, 
"wt_postprocess_time": 1948871.8628851059, 
"avg_q_len": 172.8528996504497, 
"tps": 4593.6571428571424
}