{
"r_time": 45078548.522757888, 
"quing_time": 43113406.628164545, 
"mc_wait_time": 1946982.130979138, 
"nt_service_time": 1249.6176533120147, 
"wt_preprocess_time": 2491.2225279316931, 
"wt_service_time": 2491.2225279316931, 
"wt_postprocess_time": 1946982.130979138, 
"avg_q_len": 174.68527918781726, 
"tps": 4590.1000000000004
}