{
"r_time": 26461422.966912765, 
"quing_time": 24195990.716897469, 
"mc_wait_time": 2246719.7956675505, 
"nt_service_time": 1411.6997245942512, 
"wt_preprocess_time": 3373.2621433684926, 
"wt_service_time": 3373.2621433684926, 
"wt_postprocess_time": 2246719.7956675505, 
"avg_q_len": 84.155728211215418, 
"tps": 3971.5714285714284
}