{
"r_time": 11958051.374102913, 
"quing_time": 7149442.9580113022, 
"mc_wait_time": 4779237.0270975139, 
"nt_service_time": 2017.533182707703, 
"wt_preprocess_time": 4444.9821898198679, 
"wt_service_time": 4444.9821898198679, 
"wt_postprocess_time": 4779237.0270975139, 
"avg_q_len": 46.144751355690438, 
"tps": 7421.1000000000004
}