{
"r_time": 26133766.803660598, 
"quing_time": 23899034.104122344, 
"mc_wait_time": 2217405.9045250574, 
"nt_service_time": 1425.289472339417, 
"wt_preprocess_time": 2561.2707032377762, 
"wt_service_time": 2561.2707032377762, 
"wt_postprocess_time": 2217405.9045250574, 
"avg_q_len": 83.215267030919364, 
"tps": 4070.957142857143
}