{
"r_time": 12624463.884518251, 
"quing_time": 11272911.647176974, 
"mc_wait_time": 1324277.7456115158, 
"nt_service_time": 1484.9276136536216, 
"wt_preprocess_time": 5198.5442573908094, 
"wt_service_time": 5198.5442573908094, 
"wt_postprocess_time": 1324277.7456115158, 
"avg_q_len": 65.626776180878679, 
"tps": 6499.6999999999998
}