{
"r_time": 26162739.361617349, 
"quing_time": 23914727.240384463, 
"mc_wait_time": 2231244.4271761044, 
"nt_service_time": 1372.2471188985398, 
"wt_preprocess_time": 3028.7255018393453, 
"wt_service_time": 3028.7255018393453, 
"wt_postprocess_time": 2231244.4271761044, 
"avg_q_len": 84.068878717724175, 
"tps": 4029.4428571428571
}