{
"r_time": 3662873.908628183, 
"quing_time": 1391574.9050143489, 
"mc_wait_time": 2245097.467960895, 
"nt_service_time": 3245.3498306387128, 
"wt_preprocess_time": 4125.1069009135263, 
"wt_service_time": 4125.1069009135263, 
"wt_postprocess_time": 2245097.467960895, 
"avg_q_len": 16.260239790174033, 
"tps": 11203.842857142858
}