{
"r_time": 20682483.94773227, 
"quing_time": 18915020.036589518, 
"mc_wait_time": 1748901.5592148588, 
"nt_service_time": 1361.8251564131003, 
"wt_preprocess_time": 2504.6875747412651, 
"wt_service_time": 2504.6875747412651, 
"wt_postprocess_time": 1748901.5592148588, 
"avg_q_len": 84.221836546825784, 
"tps": 5074.5857142857149
}