{
"r_time": 23202647.080658641, 
"quing_time": 21214617.653716974, 
"mc_wait_time": 1969201.3693236345, 
"nt_service_time": 1484.3212529962723, 
"wt_preprocess_time": 2744.4094088809525, 
"wt_service_time": 2744.4094088809525, 
"wt_postprocess_time": 1969201.3693236345, 
"avg_q_len": 84.239747077235378, 
"tps": 4532.1571428571433
}