{
"r_time": 7795856.0357460203, 
"quing_time": 4587348.1981783807, 
"mc_wait_time": 3183902.8500241572, 
"nt_service_time": 1423.3636617435877, 
"wt_preprocess_time": 2337.4634819862695, 
"wt_service_time": 2337.4634819862695, 
"wt_postprocess_time": 3183902.8500241572, 
"avg_q_len": 44.348049911621231, 
"tps": 11169.457142857143
}