{
"r_time": 27852805.671340257, 
"quing_time": 25356067.940318625, 
"mc_wait_time": 2481584.9620091226, 
"nt_service_time": 1131.0983494774887, 
"wt_preprocess_time": 2761.5676161091733, 
"wt_service_time": 2761.5676161091733, 
"wt_postprocess_time": 2481584.9620091226, 
"avg_q_len": 82.278981022694467, 
"tps": 3612.5857142857139
}