{
"r_time": 2425150.0033194269, 
"quing_time": 714870.17541286105, 
"mc_wait_time": 1688879.9862525249, 
"nt_service_time": 4092.5734148878864, 
"wt_preprocess_time": 2412.2182525217618, 
"wt_service_time": 2412.2182525217618, 
"wt_postprocess_time": 1688879.9862525249, 
"avg_q_len": 13.622143689973916, 
"tps": 11884.714285714286
}