{
"r_time": 1931880.1239153144, 
"quing_time": 506267.11677659792, 
"mc_wait_time": 1407887.2911422367, 
"nt_service_time": 4385.0644944439691, 
"wt_preprocess_time": 1544.5520649074106, 
"wt_service_time": 1544.5520649074106, 
"wt_postprocess_time": 1407887.2911422367, 
"avg_q_len": 12.010583959344808, 
"tps": 13226.214285714286
}