{
"r_time": 7006904.5174477436, 
"quing_time": 3997448.2985985493, 
"mc_wait_time": 2983750.8150751954, 
"nt_service_time": 1833.1658589693034, 
"wt_preprocess_time": 2318.1703734038365, 
"wt_service_time": 2318.1703734038365, 
"wt_postprocess_time": 2983750.8150751954, 
"avg_q_len": 40.369358643069617, 
"tps": 11410.628571428571
}