{
"r_time": 4184450.800734248, 
"quing_time": 1403206.3207135312, 
"mc_wait_time": 2759036.9047378046, 
"nt_service_time": 3772.6885532456577, 
"wt_preprocess_time": 1987.602827301715, 
"wt_service_time": 1987.602827301715, 
"wt_postprocess_time": 2759036.9047378046, 
"avg_q_len": 14.981525000578509, 
"tps": 11112.314285714285
}