{
"r_time": 6962772.5300524402, 
"quing_time": 3029764.9767847126, 
"mc_wait_time": 3905661.5108299218, 
"nt_service_time": 2697.7431304942979, 
"wt_preprocess_time": 3674.5576555518633, 
"wt_service_time": 3674.5576555518633, 
"wt_postprocess_time": 3905661.5108299218, 
"avg_q_len": 23.487981857249714, 
"tps": 8995.3285714285703
}