{
"r_time": 25708953.058703501, 
"quing_time": 23501971.586173017, 
"mc_wait_time": 2189820.0935317678, 
"nt_service_time": 1306.0426292524485, 
"wt_preprocess_time": 3336.4518720394444, 
"wt_service_time": 3336.4518720394444, 
"wt_postprocess_time": 2189820.0935317678, 
"avg_q_len": 84.034346844882847, 
"tps": 4095.6142857142859
}