{
"r_time": 23803650.013166793, 
"quing_time": 22671539.559897169, 
"mc_wait_time": 1106972.9096615692, 
"nt_service_time": 1292.9841922416417, 
"wt_preprocess_time": 2518.116262165976, 
"wt_service_time": 2518.116262165976, 
"wt_postprocess_time": 1106972.9096615692, 
"avg_q_len": 156.82926282080277, 
"tps": 7895.9285714285716
}