{
"r_time": 33332571.456798315, 
"quing_time": 31853931.889044333, 
"mc_wait_time": 1461237.7881018133, 
"nt_service_time": 1478.9737447149446, 
"wt_preprocess_time": 1655.6184647971832, 
"wt_service_time": 1655.6184647971832, 
"wt_postprocess_time": 1461237.7881018133, 
"avg_q_len": 170.41849711530938, 
"tps": 6024.4142857142851
}