{
"r_time": 9041249.2405538801, 
"quing_time": 5443962.2680160441, 
"mc_wait_time": 3572563.8273556419, 
"nt_service_time": 1714.5641082440002, 
"wt_preprocess_time": 3490.6892418949592, 
"wt_service_time": 3490.6892418949592, 
"wt_postprocess_time": 3572563.8273556419, 
"avg_q_len": 45.723937810044134, 
"tps": 9661.6428571428569
}