{
"r_time": 24203207.142608061, 
"quing_time": 22124733.846408218, 
"mc_wait_time": 2060494.9938937887, 
"nt_service_time": 1376.0429209770075, 
"wt_preprocess_time": 1785.7060886395093, 
"wt_service_time": 1785.7060886395093, 
"wt_postprocess_time": 2060494.9938937887, 
"avg_q_len": 84.088232013385394, 
"tps": 4354.4285714285716
}