{
"r_time": 14048519.150934467, 
"quing_time": 12695040.926841423, 
"mc_wait_time": 1338732.7700861029, 
"nt_service_time": 1176.94505610797, 
"wt_preprocess_time": 1447.581880684008, 
"wt_service_time": 1447.581880684008, 
"wt_postprocess_time": 1338732.7700861029, 
"avg_q_len": 75.386255606157675, 
"tps": 6599.8857142857141
}