{
"r_time": 26293547.387345657, 
"quing_time": 25036300.104741376, 
"mc_wait_time": 1229032.6924086721, 
"nt_service_time": 1372.6844478393234, 
"wt_preprocess_time": 3820.758651146693, 
"wt_service_time": 3820.758651146693, 
"wt_postprocess_time": 1229032.6924086721, 
"avg_q_len": 156.7082402327834, 
"tps": 7064.8142857142857
}