{
"r_time": 9690924.5612576045, 
"quing_time": 8592471.415090207, 
"mc_wait_time": 1074344.8972273029, 
"nt_service_time": 1439.5977636167845, 
"wt_preprocess_time": 2486.618790233405, 
"wt_service_time": 2486.618790233405, 
"wt_postprocess_time": 1074344.8972273029, 
"avg_q_len": 61.366251876481023, 
"tps": 8060.3000000000002
}