{
"r_time": 18423768.441625156, 
"quing_time": 14528106.955442635, 
"mc_wait_time": 3868499.2371377982, 
"nt_service_time": 3501.4446838013514, 
"wt_preprocess_time": 3145.9063065579976, 
"wt_service_time": 3145.9063065579976, 
"wt_postprocess_time": 3868499.2371377982, 
"avg_q_len": 114.52008715084841, 
"tps": 9186.0428571428583
}