{
"r_time": 9654469.9647077806, 
"quing_time": 5729253.9759766366, 
"mc_wait_time": 3902292.6868337258, 
"nt_service_time": 1686.6253465369882, 
"wt_preprocess_time": 3127.1766281007567, 
"wt_service_time": 3127.1766281007567, 
"wt_postprocess_time": 3902292.6868337258, 
"avg_q_len": 45.73878856811276, 
"tps": 9256.8142857142848
}