{
"r_time": 8453726.8339718245, 
"quing_time": 5740466.9098235685, 
"mc_wait_time": 2677257.9467750024, 
"nt_service_time": 5388.8634775666687, 
"wt_preprocess_time": 5122.6701039864529, 
"wt_service_time": 5122.6701039864529, 
"wt_postprocess_time": 2677257.9467750024, 
"avg_q_len": 64.990636003572575, 
"tps": 12220.057142857142
}