{
"r_time": 18828335.248164311, 
"quing_time": 17202983.987293683, 
"mc_wait_time": 1607229.8345683822, 
"nt_service_time": 1353.5506655285542, 
"wt_preprocess_time": 1696.7063281397445, 
"wt_service_time": 1696.7063281397445, 
"wt_postprocess_time": 1607229.8345683822, 
"avg_q_len": 82.785483845830157, 
"tps": 5499.6857142857143
}