{
"r_time": 27318456.656166904, 
"quing_time": 21974403.120424714, 
"mc_wait_time": 5313550.9504442383, 
"nt_service_time": 2304.7905848379742, 
"wt_preprocess_time": 3703.2390167904905, 
"wt_service_time": 3703.2390167904905, 
"wt_postprocess_time": 5313550.9504442383, 
"avg_q_len": 117.74240270796587, 
"tps": 7005.7857142857147
}