{
"r_time": 8353359.6314626141, 
"quing_time": 5639848.2523936415, 
"mc_wait_time": 2678919.9571822602, 
"nt_service_time": 5471.2152688440983, 
"wt_preprocess_time": 4783.8129209532763, 
"wt_service_time": 4783.8129209532763, 
"wt_postprocess_time": 2678919.9571822602, 
"avg_q_len": 64.507194023658286, 
"tps": 12326.700000000001
}