{
"r_time": 8977761.1608795859, 
"quing_time": 5365312.7093969174, 
"mc_wait_time": 3587078.8216301934, 
"nt_service_time": 1401.3697973318149, 
"wt_preprocess_time": 2976.4583555025047, 
"wt_service_time": 2976.4583555025047, 
"wt_postprocess_time": 3587078.8216301934, 
"avg_q_len": 46.010946047058994, 
"tps": 9832.6428571428587
}