{
"r_time": 4003919.6960956696, 
"quing_time": 1455432.8530735401, 
"mc_wait_time": 2527561.3367761187, 
"nt_service_time": 2437.3592698888315, 
"wt_preprocess_time": 2096.9692249211112, 
"wt_service_time": 2096.9692249211112, 
"wt_postprocess_time": 2527561.3367761187, 
"avg_q_len": 16.393995447120645, 
"tps": 12086.542857142857
}