{
"r_time": 11663671.657796998, 
"quing_time": 6941409.3842125721, 
"mc_wait_time": 4694301.4209499527, 
"nt_service_time": 1807.2300673199304, 
"wt_preprocess_time": 3562.2341092434262, 
"wt_service_time": 3562.2341092434262, 
"wt_postprocess_time": 4694301.4209499527, 
"avg_q_len": 46.038620406699849, 
"tps": 7729.8142857142857
}