{
"r_time": 26260711.141030751, 
"quing_time": 24014331.052702483, 
"mc_wait_time": 2227793.924405585, 
"nt_service_time": 1443.7420869230607, 
"wt_preprocess_time": 3655.9002477552599, 
"wt_service_time": 3655.9002477552599, 
"wt_postprocess_time": 2227793.924405585, 
"avg_q_len": 84.23802804857192, 
"tps": 4009.3714285714286
}