{
"r_time": 58774465.007293612, 
"quing_time": 56250065.617877856, 
"mc_wait_time": 2509667.6427493501, 
"nt_service_time": 1115.9600250541403, 
"wt_preprocess_time": 2670.7098039353173, 
"wt_service_time": 2670.7098039353173, 
"wt_postprocess_time": 2509667.6427493501, 
"avg_q_len": 177.95091882943757, 
"tps": 3589.971428571429
}