{
"r_time": 21789887.651981786, 
"quing_time": 19925529.233117674, 
"mc_wait_time": 1844485.6085308273, 
"nt_service_time": 1436.2607452997331, 
"wt_preprocess_time": 2694.4098698128482, 
"wt_service_time": 2694.4098698128482, 
"wt_postprocess_time": 1844485.6085308273, 
"avg_q_len": 84.144558618851605, 
"tps": 4824.1428571428569
}