{
"r_time": 2364321.8867545398, 
"quing_time": 686538.83644265682, 
"mc_wait_time": 1655814.6271002425, 
"nt_service_time": 4914.6498189095018, 
"wt_preprocess_time": 2402.0045960716579, 
"wt_service_time": 2402.0045960716579, 
"wt_postprocess_time": 1655814.6271002425, 
"avg_q_len": 13.501970282446182, 
"tps": 11590.071428571428
}