{
"r_time": 24076223.939772211, 
"quing_time": 22006854.399693672, 
"mc_wait_time": 2051212.2951022123, 
"nt_service_time": 1410.7867707634364, 
"wt_preprocess_time": 1696.9895066157051, 
"wt_service_time": 1696.9895066157051, 
"wt_postprocess_time": 2051212.2951022123, 
"avg_q_len": 83.616718576268099, 
"tps": 4394.0857142857149
}