{
"r_time": 10316995.281152563, 
"quing_time": 5390117.177739989, 
"mc_wait_time": 4899283.5745566217, 
"nt_service_time": 1979.6124039442275, 
"wt_preprocess_time": 3779.1628533868752, 
"wt_service_time": 3779.1628533868752, 
"wt_postprocess_time": 4899283.5745566217, 
"avg_q_len": 34.002155830093024, 
"tps": 7256.0714285714284
}