{
"r_time": 11886518.970222315, 
"quing_time": 9032837.0014389604, 
"mc_wait_time": 2829954.1289827917, 
"nt_service_time": 3209.5664669143489, 
"wt_preprocess_time": 2169.1788651857469, 
"wt_service_time": 2169.1788651857469, 
"wt_postprocess_time": 2829954.1289827917, 
"avg_q_len": 96.928190524020962, 
"tps": 12515.857142857141
}