{
"r_time": 10851714.065418541, 
"quing_time": 5676106.715878875, 
"mc_wait_time": 5142242.2107143356, 
"nt_service_time": 2091.1760595933547, 
"wt_preprocess_time": 6701.6925506193147, 
"wt_service_time": 6701.6925506193147, 
"wt_postprocess_time": 5142242.2107143356, 
"avg_q_len": 33.85051487037768, 
"tps": 6947.6571428571424
}