{
"r_time": 11345317.01037759, 
"quing_time": 8670063.4159656763, 
"mc_wait_time": 2651111.7007673085, 
"nt_service_time": 1892.0185393938932, 
"wt_preprocess_time": 2149.8325060111711, 
"wt_service_time": 2149.8325060111711, 
"wt_postprocess_time": 2651111.7007673085, 
"avg_q_len": 101.91489518780688, 
"tps": 12964.685714285715
}