{
"r_time": 23298981.25516434, 
"quing_time": 21306921.031016856, 
"mc_wait_time": 1974322.9020006908, 
"nt_service_time": 1418.0045883399171, 
"wt_preprocess_time": 2195.0577170691049, 
"wt_service_time": 2195.0577170691049, 
"wt_postprocess_time": 1974322.9020006908, 
"avg_q_len": 83.377689163343632, 
"tps": 4571.2571428571428
}