{
"r_time": 11321575.718826856, 
"quing_time": 6756382.1928858785, 
"mc_wait_time": 4537487.1966131721, 
"nt_service_time": 1510.0690669641945, 
"wt_preprocess_time": 3032.6465540050344, 
"wt_service_time": 3032.6465540050344, 
"wt_postprocess_time": 4537487.1966131721, 
"avg_q_len": 46.387450144079459, 
"tps": 7743.7428571428572
}