{
"r_time": 6629383.2895425707, 
"quing_time": 4189393.5803344236, 
"mc_wait_time": 2408596.4674402643, 
"nt_service_time": 5757.8921307301189, 
"wt_preprocess_time": 3429.0603033123689, 
"wt_service_time": 3429.0603033123689, 
"wt_postprocess_time": 2408596.4674402643, 
"avg_q_len": 51.744062648782652, 
"tps": 13052.357142857143
}