{
"r_time": 7045529.3152880492, 
"quing_time": 3021594.6449330971, 
"mc_wait_time": 3995376.437501946, 
"nt_service_time": 3228.1835306326898, 
"wt_preprocess_time": 3288.9915608216015, 
"wt_service_time": 3288.9915608216015, 
"wt_postprocess_time": 3995376.437501946, 
"avg_q_len": 22.806931095256964, 
"tps": 8616.2428571428572
}