{
"r_time": 10630522.661026275, 
"quing_time": 5512438.1901079249, 
"mc_wait_time": 5081191.224695758, 
"nt_service_time": 2525.7974014337374, 
"wt_preprocess_time": 6461.7954093868575, 
"wt_service_time": 6461.7954093868575, 
"wt_postprocess_time": 5081191.224695758, 
"avg_q_len": 33.705843775091374, 
"tps": 6992.3000000000002
}