{
"r_time": 9179996.3850313015, 
"quing_time": 8111911.2256126702, 
"mc_wait_time": 1044179.8370032242, 
"nt_service_time": 1438.6098750220726, 
"wt_preprocess_time": 2624.3196643433794, 
"wt_service_time": 2624.3196643433794, 
"wt_postprocess_time": 1044179.8370032242, 
"avg_q_len": 59.677202281044494, 
"tps": 8306.971428571429
}