{
"r_time": 28214322.053320151, 
"quing_time": 25691412.114233352, 
"mc_wait_time": 2506446.348782937, 
"nt_service_time": 1197.4868648686138, 
"wt_preprocess_time": 3615.2898359561318, 
"wt_service_time": 3615.2898359561318, 
"wt_postprocess_time": 2506446.348782937, 
"avg_q_len": 82.19770947073323, 
"tps": 3587.4428571428571
}