{
"r_time": 3590595.7508785194, 
"quing_time": 1309257.5053251903, 
"mc_wait_time": 2254660.6992970835, 
"nt_service_time": 2721.1307422343775, 
"wt_preprocess_time": 3715.5987545372791, 
"wt_service_time": 3715.5987545372791, 
"wt_postprocess_time": 2254660.6992970835, 
"avg_q_len": 16.039580852399393, 
"tps": 11060.542857142857
}