{
"r_time": 21340192.101447035, 
"quing_time": 20326153.668932281, 
"mc_wait_time": 991610.00461674924, 
"nt_service_time": 1527.0970368739456, 
"wt_preprocess_time": 2456.7508369022271, 
"wt_service_time": 2456.7508369022271, 
"wt_postprocess_time": 991610.00461674924, 
"avg_q_len": 156.97522484054986, 
"tps": 8782.414285714287
}