{
"r_time": 7428861.105805805, 
"quing_time": 4259629.0653523635, 
"mc_wait_time": 3144543.414178581, 
"nt_service_time": 2363.3639606314518, 
"wt_preprocess_time": 2418.6816208930159, 
"wt_service_time": 2418.6816208930159, 
"wt_postprocess_time": 3144543.414178581, 
"avg_q_len": 39.765604033589042, 
"tps": 11018.900000000001
}