{
"r_time": 28778188.579822697, 
"quing_time": 27437468.918202091, 
"mc_wait_time": 1315108.3688074013, 
"nt_service_time": 1493.2175928076147, 
"wt_preprocess_time": 4590.5918256095129, 
"wt_service_time": 4590.5918256095129, 
"wt_postprocess_time": 1315108.3688074013, 
"avg_q_len": 160.60383879620824, 
"tps": 6683.6428571428569
}