{
"r_time": 25638986.813610151, 
"quing_time": 23437679.604220293, 
"mc_wait_time": 2184051.7508790707, 
"nt_service_time": 1302.7701733291697, 
"wt_preprocess_time": 3714.1001089927108, 
"wt_service_time": 3714.1001089927108, 
"wt_postprocess_time": 2184051.7508790707, 
"avg_q_len": 84.159998466546313, 
"tps": 4099.0571428571429
}