{
"r_time": 18672728.675247826, 
"quing_time": 17061308.959138915, 
"mc_wait_time": 1593945.9187071221, 
"nt_service_time": 1390.3162243145766, 
"wt_preprocess_time": 1815.9890344284636, 
"wt_service_time": 1815.9890344284636, 
"wt_postprocess_time": 1593945.9187071221, 
"avg_q_len": 82.44574482790398, 
"tps": 5580.7714285714283
}