{
"r_time": 7440537.1444652565, 
"quing_time": 4378850.9777656347, 
"mc_wait_time": 3039879.8801638242, 
"nt_service_time": 1448.6980649329271, 
"wt_preprocess_time": 2138.5909654464758, 
"wt_service_time": 2138.5909654464758, 
"wt_postprocess_time": 3039879.8801638242, 
"avg_q_len": 44.080802186930228, 
"tps": 11580.485714285714
}