{
"r_time": 5476557.0382667622, 
"quing_time": 3340598.1804850753, 
"mc_wait_time": 2105299.8088344736, 
"nt_service_time": 4902.5982547991225, 
"wt_preprocess_time": 2614.5247363995231, 
"wt_service_time": 2614.5247363995231, 
"wt_postprocess_time": 2105299.8088344736, 
"avg_q_len": 47.251813445034735, 
"tps": 14542.171428571428
}