{
"r_time": 28598776.78919854, 
"quing_time": 26040362.105863646, 
"mc_wait_time": 2542904.8751863088, 
"nt_service_time": 1316.7490385985996, 
"wt_preprocess_time": 2911.966432660427, 
"wt_service_time": 2911.966432660427, 
"wt_postprocess_time": 2542904.8751863088, 
"avg_q_len": 82.211779086112415, 
"tps": 3506.2142857142858
}