{
"r_time": 26294667.261769511, 
"quing_time": 25043573.704388544, 
"mc_wait_time": 1225347.9484650069, 
"nt_service_time": 1363.321404501668, 
"wt_preprocess_time": 3551.5702813562675, 
"wt_service_time": 3551.5702813562675, 
"wt_postprocess_time": 1225347.9484650069, 
"avg_q_len": 157.4350846234058, 
"tps": 7124.0
}