{
"r_time": 9266084.1217391491, 
"quing_time": 5498433.631081596, 
"mc_wait_time": 3741167.0660096565, 
"nt_service_time": 1689.7762124681565, 
"wt_preprocess_time": 3124.1153994665756, 
"wt_service_time": 3124.1153994665756, 
"wt_postprocess_time": 3741167.0660096565, 
"avg_q_len": 44.94661175229632, 
"tps": 9507.442857142858
}