{
"r_time": 23133283.27531521, 
"quing_time": 21153514.666722614, 
"mc_wait_time": 1962577.6702040916, 
"nt_service_time": 1345.3319031442225, 
"wt_preprocess_time": 2269.8663821404061, 
"wt_service_time": 2269.8663821404061, 
"wt_postprocess_time": 1962577.6702040916, 
"avg_q_len": 83.474863454076839, 
"tps": 4605.9857142857145
}