{
"r_time": 9163642.3672287241, 
"quing_time": 5591480.7480394021, 
"mc_wait_time": 3553364.1022860445, 
"nt_service_time": 1522.6196659140387, 
"wt_preprocess_time": 2887.483190207161, 
"wt_service_time": 2887.483190207161, 
"wt_postprocess_time": 3553364.1022860445, 
"avg_q_len": 46.649720120868153, 
"tps": 10093.642857142857
}