{
"r_time": 23201402.573078055, 
"quing_time": 22099303.096622951, 
"mc_wait_time": 1078039.8575199002, 
"nt_service_time": 1633.3588954906809, 
"wt_preprocess_time": 2497.5259778099307, 
"wt_service_time": 2497.5259778099307, 
"wt_postprocess_time": 1078039.8575199002, 
"avg_q_len": 157.3797022057224, 
"tps": 7880.8000000000002
}