{
"r_time": 24274886.509111799, 
"quing_time": 22189234.438598916, 
"mc_wait_time": 2067313.4550130977, 
"nt_service_time": 1385.6307645645338, 
"wt_preprocess_time": 1747.3816902245567, 
"wt_service_time": 1747.3816902245567, 
"wt_postprocess_time": 2067313.4550130977, 
"avg_q_len": 83.969960568292151, 
"tps": 4325.7428571428572
}