{
"r_time": 12795753.655691484, 
"quing_time": 11420845.337300872, 
"mc_wait_time": 1350228.9563992489, 
"nt_service_time": 1370.2439488227706, 
"wt_preprocess_time": 3871.9774017488194, 
"wt_service_time": 3871.9774017488194, 
"wt_postprocess_time": 1350228.9563992489, 
"avg_q_len": 65.348374691002746, 
"tps": 6478.3285714285712
}