{
"r_time": 5281557.9890634054, 
"quing_time": 3179904.3151178933, 
"mc_wait_time": 2070554.7982935146, 
"nt_service_time": 5532.8016353706289, 
"wt_preprocess_time": 2594.0598743289638, 
"wt_service_time": 2594.0598743289638, 
"wt_postprocess_time": 2070554.7982935146, 
"avg_q_len": 44.361337295219357, 
"tps": 14403.914285714287
}