{
"r_time": 13786442.955067841, 
"quing_time": 12459349.833917918, 
"mc_wait_time": 1312518.708094727, 
"nt_service_time": 1129.4401967999997, 
"wt_preprocess_time": 1529.7558265999523, 
"wt_service_time": 1529.7558265999523, 
"wt_postprocess_time": 1312518.708094727, 
"avg_q_len": 75.343410778798372, 
"tps": 6742.0714285714284
}