{
"r_time": 9918716.6278094333, 
"quing_time": 5859143.5567617416, 
"mc_wait_time": 4029257.275705772, 
"nt_service_time": 1887.5960858488511, 
"wt_preprocess_time": 3644.2417888366954, 
"wt_service_time": 3644.2417888366954, 
"wt_postprocess_time": 4029257.275705772, 
"avg_q_len": 44.396980396542631, 
"tps": 8941.5714285714275
}