{
"r_time": 24297613.77513136, 
"quing_time": 23132154.896281701, 
"mc_wait_time": 1139328.5470078916, 
"nt_service_time": 1560.0739429587263, 
"wt_preprocess_time": 3041.6519173152265, 
"wt_service_time": 3041.6519173152265, 
"wt_postprocess_time": 1139328.5470078916, 
"avg_q_len": 156.44055505365156, 
"tps": 7605.9571428571435
}