{
"r_time": 9948072.0891638547, 
"quing_time": 5962200.8617475927, 
"mc_wait_time": 3963350.0298279189, 
"nt_service_time": 1593.4468364903366, 
"wt_preprocess_time": 3483.5579390185349, 
"wt_service_time": 3483.5579390185349, 
"wt_postprocess_time": 3963350.0298279189, 
"avg_q_len": 45.096419182678126, 
"tps": 9009.914285714287
}