{
"r_time": 25746323.102867655, 
"quing_time": 24552467.762164533, 
"mc_wait_time": 1170563.594968983, 
"nt_service_time": 1261.6839932890284, 
"wt_preprocess_time": 3541.3552019273948, 
"wt_service_time": 3541.3552019273948, 
"wt_postprocess_time": 1170563.594968983, 
"avg_q_len": 160.05248171482916, 
"tps": 7525.6142857142859
}