{
"r_time": 20873590.37856641, 
"quing_time": 18950153.671192929, 
"mc_wait_time": 1905878.2652428723, 
"nt_service_time": 1174.2311474310543, 
"wt_preprocess_time": 2413.6406930830644, 
"wt_service_time": 2413.6406930830644, 
"wt_postprocess_time": 1905878.2652428723, 
"avg_q_len": 78.997808328352264, 
"tps": 4660.5
}