{
"r_time": 9023076.4506985806, 
"quing_time": 5321380.447042563, 
"mc_wait_time": 3675395.226190499, 
"nt_service_time": 1710.9526733040091, 
"wt_preprocess_time": 3758.4590507184794, 
"wt_service_time": 3758.4590507184794, 
"wt_postprocess_time": 3675395.226190499, 
"avg_q_len": 44.563465966840887, 
"tps": 9684.0428571428565
}