{
"r_time": 4157641.1136681493, 
"quing_time": 1426123.120805575, 
"mc_wait_time": 2707334.1607490815, 
"nt_service_time": 2743.5325854934663, 
"wt_preprocess_time": 2029.3596803452406, 
"wt_service_time": 2029.3596803452406, 
"wt_postprocess_time": 2707334.1607490815, 
"avg_q_len": 15.807350537948336, 
"tps": 11547.842857142856
}