{
"r_time": 8591930.1651680432, 
"quing_time": 5927239.544573538, 
"mc_wait_time": 2633430.0746508921, 
"nt_service_time": 4441.5469233830318, 
"wt_preprocess_time": 3750.6970185674541, 
"wt_service_time": 3750.6970185674541, 
"wt_postprocess_time": 2633430.0746508921, 
"avg_q_len": 68.752173163334646, 
"tps": 12675.728571428572
}