{
"r_time": 20817814.30171214, 
"quing_time": 18901642.42105123, 
"mc_wait_time": 1898263.3117379071, 
"nt_service_time": 1213.669956132449, 
"wt_preprocess_time": 2441.6481733408382, 
"wt_service_time": 2441.6481733408382, 
"wt_postprocess_time": 1898263.3117379071, 
"avg_q_len": 78.57997127562345, 
"tps": 4704.8142857142857
}