{
"r_time": 58135141.921907939, 
"quing_time": 55634140.662703037, 
"mc_wait_time": 2485632.9159605568, 
"nt_service_time": 1084.3565737168101, 
"wt_preprocess_time": 2721.2887010801501, 
"wt_service_time": 2721.2887010801501, 
"wt_postprocess_time": 2485632.9159605568, 
"avg_q_len": 176.36834702154428, 
"tps": 3656.2571428571428
}