{
"r_time": 30887856.337859467, 
"quing_time": 29516565.061165124, 
"mc_wait_time": 1356143.2444243738, 
"nt_service_time": 1238.7057003178311, 
"wt_preprocess_time": 1635.1448980023069, 
"wt_service_time": 1635.1448980023069, 
"wt_postprocess_time": 1356143.2444243738, 
"avg_q_len": 171.34334754516286, 
"tps": 6500.2857142857147
}