{
"r_time": 6150123.650193207, 
"quing_time": 3814153.7211145358, 
"mc_wait_time": 2307540.2250337722, 
"nt_service_time": 5645.1574175046153, 
"wt_preprocess_time": 3104.1092799954822, 
"wt_service_time": 3104.1092799954822, 
"wt_postprocess_time": 2307540.2250337722, 
"avg_q_len": 49.809990626140625, 
"tps": 13776.914285714287
}