{
"r_time": 25782247.362919319, 
"quing_time": 20745082.389465276, 
"mc_wait_time": 5006846.7844953295, 
"nt_service_time": 2540.4077105088845, 
"wt_preprocess_time": 5043.4318818623788, 
"wt_service_time": 5043.4318818623788, 
"wt_postprocess_time": 5006846.7844953295, 
"avg_q_len": 129.22706812043614, 
"tps": 7140.7142857142862
}