{
"r_time": 18912577.246176921, 
"quing_time": 17276874.97511353, 
"mc_wait_time": 1618063.2636150275, 
"nt_service_time": 1333.9863622235532, 
"wt_preprocess_time": 1822.3223470752923, 
"wt_service_time": 1822.3223470752923, 
"wt_postprocess_time": 1618063.2636150275, 
"avg_q_len": 82.403084766041559, 
"tps": 5492.4285714285706
}