{
"r_time": 58756516.141175196, 
"quing_time": 56228766.866027467, 
"mc_wait_time": 2512605.0565686179, 
"nt_service_time": 1210.6532186703939, 
"wt_preprocess_time": 3000.1040731903972, 
"wt_service_time": 3000.1040731903972, 
"wt_postprocess_time": 2512605.0565686179, 
"avg_q_len": 178.25822974702078, 
"tps": 3561.5571428571429
}