{
"r_time": 45895225.349916942, 
"quing_time": 43895975.180865243, 
"mc_wait_time": 1979990.1301864116, 
"nt_service_time": 1320.1191790975272, 
"wt_preprocess_time": 2476.6036760689062, 
"wt_service_time": 2476.6036760689062, 
"wt_postprocess_time": 1979990.1301864116, 
"avg_q_len": 172.7224980410594, 
"tps": 4557.8571428571431
}