{
"r_time": 14240406.499288701, 
"quing_time": 12871230.986682132, 
"mc_wait_time": 1353842.9873011918, 
"nt_service_time": 1195.2072997304567, 
"wt_preprocess_time": 1548.0127767851711, 
"wt_service_time": 1548.0127767851711, 
"wt_postprocess_time": 1353842.9873011918, 
"avg_q_len": 75.199818511006853, 
"tps": 6564.7428571428572
}