{
"r_time": 7189629.593779657, 
"quing_time": 4071252.3726923466, 
"mc_wait_time": 3093711.6717545954, 
"nt_service_time": 1909.4603271731162, 
"wt_preprocess_time": 2192.2504267257264, 
"wt_service_time": 2192.2504267257264, 
"wt_postprocess_time": 3093711.6717545954, 
"avg_q_len": 40.336413687070227, 
"tps": 11484.457142857143
}