{
"r_time": 3508344.294908999, 
"quing_time": 1255226.5508580941, 
"mc_wait_time": 2228205.2467033635, 
"nt_service_time": 2691.2955663181988, 
"wt_preprocess_time": 3307.506948074607, 
"wt_service_time": 3307.506948074607, 
"wt_postprocess_time": 2228205.2467033635, 
"avg_q_len": 16.032313455117233, 
"tps": 10956.957142857143
}