{
"r_time": 12058292.165155658, 
"quing_time": 9185465.9429571275, 
"mc_wait_time": 2846161.6861416637, 
"nt_service_time": 3123.4390880118135, 
"wt_preprocess_time": 2260.0085935575653, 
"wt_service_time": 2260.0085935575653, 
"wt_postprocess_time": 2846161.6861416637, 
"avg_q_len": 98.43679033761903, 
"tps": 12303.385714285714
}