{
"r_time": 8036897.1207568273, 
"quing_time": 4741552.9437194271, 
"mc_wait_time": 3271987.5220794952, 
"nt_service_time": 1466.0568106974672, 
"wt_preprocess_time": 2280.8232082323962, 
"wt_service_time": 2280.8232082323962, 
"wt_postprocess_time": 3271987.5220794952, 
"avg_q_len": 44.326904346780495, 
"tps": 10692.642857142857
}