{
"r_time": 2053813.1215890171, 
"quing_time": 665776.46412205999, 
"mc_wait_time": 1365993.8150809447, 
"nt_service_time": 3222.790051528495, 
"wt_preprocess_time": 2087.8449684178299, 
"wt_service_time": 2087.8449684178299, 
"wt_postprocess_time": 1365993.8150809447, 
"avg_q_len": 13.292875717399044, 
"tps": 13162.628571428571
}