{
"r_time": 9987509.5184940659, 
"quing_time": 8814131.3698050827, 
"mc_wait_time": 1148196.8686206958, 
"nt_service_time": 1645.5242751896037, 
"wt_preprocess_time": 3349.246997885301, 
"wt_service_time": 3349.246997885301, 
"wt_postprocess_time": 1148196.8686206958, 
"avg_q_len": 59.961981247546248, 
"tps": 7423.028571428571
}