{"r_time": 898095.85702827061, "avg_q_len": 0.88554469416552484, "mc_wait_time": 805066.8416449572, "quing_time": 63497.011454468317, "tps": 2794.2285714285717}