{"r_time": 1097378.5249032993, "avg_q_len": 1.094515439039105, "mc_wait_time": 951907.55126418429, "quing_time": 79414.40173573044, "tps": 2604.7142857142858}