{"r_time": 1118560.1886072252, "avg_q_len": 1.0376530629918077, "mc_wait_time": 969538.06676932657, "quing_time": 82651.28363151048, "tps": 2474.471428571429}