{"r_time": 928528.35981379845, "avg_q_len": 0.88683122428266448, "mc_wait_time": 825438.15146471199, "quing_time": 73998.816412946835, "tps": 2857.3000000000002}