{"r_time": 946035.3845325266, "avg_q_len": 0.93341864155192711, "mc_wait_time": 830402.20477494458, "quing_time": 82036.379587961012, "tps": 2791.0}