{"r_time": 1042296.9160735523, "avg_q_len": 1.3054782181460858, "mc_wait_time": 886310.72608715319, "quing_time": 95168.660140663138, "tps": 2791.3142857142857}