{"r_time": 967466.95803114062, "avg_q_len": 0.96741499843563272, "mc_wait_time": 841046.34265294974, "quing_time": 91388.867244038149, "tps": 2785.2428571428572}