{"r_time": 909899.66724620271, "avg_q_len": 0.98052930610332301, "mc_wait_time": 801758.78436754388, "quing_time": 78636.585594095697, "tps": 2926.7428571428572}