{"r_time": 893028.99429644342, "avg_q_len": 1.0446985546747538, "mc_wait_time": 786027.86738415388, "quing_time": 79045.639936617357, "tps": 2977.0857142857144}