{"r_time": 954075.22371031996, "avg_q_len": 0.95536170038997892, "mc_wait_time": 834246.33084215061, "quing_time": 86558.590898005685, "tps": 2798.6857142857143}