{"r_time": 931100.38006438874, "avg_q_len": 1.1445925565555826, "mc_wait_time": 807652.49166574364, "quing_time": 93978.021980054022, "tps": 2936.4285714285716}