{"r_time": 895022.53758976248, "avg_q_len": 1.1562372459875283, "mc_wait_time": 777423.8951515056, "quing_time": 88047.733100152866, "tps": 3010.2571428571428}