{"r_time": 919940.63478354551, "avg_q_len": 0.80548137302413825, "mc_wait_time": 824006.53654113109, "quing_time": 65297.752566866438, "tps": 2770.9428571428571}