{"r_time": 954510.35811912222, "avg_q_len": 0.94307420765866012, "mc_wait_time": 836034.17767715827, "quing_time": 86287.489222998236, "tps": 2792.3571428571431}