{"r_time": 900984.86517462926, "avg_q_len": 1.1862423936764408, "mc_wait_time": 777080.53050337767, "quing_time": 94308.374292114604, "tps": 3030.8428571428572}