{"r_time": 747472.64040690358, "avg_q_len": 1.1675917806859355, "mc_wait_time": 661020.24301866686, "quing_time": 64261.581677758521, "tps": 3453.8857142857141}