{"r_time": 870007.51634733798, "avg_q_len": 0.97050695203501558, "mc_wait_time": 777009.63163716719, "quing_time": 65746.530696624628, "tps": 2992.9571428571435}