{"r_time": 898997.69060300267, "avg_q_len": 1.0353906724951509, "mc_wait_time": 788167.62144581066, "quing_time": 82130.777588582991, "tps": 2960.8285714285712}