{"r_time": 755885.99432625598, "avg_q_len": 1.1438786384436967, "mc_wait_time": 667986.1477277549, "quing_time": 63663.725161072973, "tps": 3418.3571428571431}