{"r_time": 855903.1234010394, "avg_q_len": 0.95120220847289116, "mc_wait_time": 766048.20335277694, "quing_time": 63177.327897487427, "tps": 2960.0285714285715}