{"r_time": 897274.22866609599, "avg_q_len": 1.1186374784616198, "mc_wait_time": 775339.77359546279, "quing_time": 91569.687440592053, "tps": 2976.4142857142856}