{"r_time": 1079239.6196236787, "avg_q_len": 1.1034584817758291, "mc_wait_time": 936434.23935841699, "quing_time": 77515.585442811309, "tps": 2606.4285714285716}