{"r_time": 754721.01554625656, "avg_q_len": 1.1828995253827963, "mc_wait_time": 664675.93570227234, "quing_time": 64786.227549433417, "tps": 3407.2571428571428}