{"r_time": 1091040.8079438671, "avg_q_len": 1.2878218017773981, "mc_wait_time": 924171.62868917652, "quing_time": 103076.51289398903, "tps": 2742.3714285714282}