{"r_time": 1161326.2667795373, "avg_q_len": 1.2661773508696357, "mc_wait_time": 982459.41575641558, "quing_time": 109051.3736402936, "tps": 2553.6142857142854}