{"r_time": 987911.86148276809, "avg_q_len": 0.75269499048826882, "mc_wait_time": 882674.36571271648, "quing_time": 71979.622817668336, "tps": 2680.9000000000001}