{"r_time": 1083985.1642801615, "avg_q_len": 1.2985254586736958, "mc_wait_time": 920096.93087755016, "quing_time": 100837.75336356854, "tps": 2736.9285714285716}