{"r_time": 962149.563311012, "avg_q_len": 1.2828765819773527, "mc_wait_time": 828942.19636368565, "quing_time": 78372.862509115075, "tps": 3002.5714285714284}