{"r_time": 981274.85624194518, "avg_q_len": 0.77500013285929137, "mc_wait_time": 869132.62060507771, "quing_time": 78025.947309439653, "tps": 2688.1285714285714}