{"r_time": 1141137.7447441695, "avg_q_len": 1.0723445574169355, "mc_wait_time": 984084.09262240469, "quing_time": 89266.326159613382, "tps": 2559.9714285714285}