{"r_time": 840543.79403338814, "avg_q_len": 1.0929392959506137, "mc_wait_time": 739342.48523726349, "quing_time": 74752.843645490051, "tps": 3110.1714285714288}