{"r_time": 1050362.3565191966, "avg_q_len": 1.0908212984504631, "mc_wait_time": 913474.58788052155, "quing_time": 73784.898350443938, "tps": 2603.5428571428574}