{"r_time": 1044072.2535780706, "avg_q_len": 1.1793494146219621, "mc_wait_time": 897944.45541217644, "quing_time": 81847.374190255068, "tps": 2688.1285714285714}