{"r_time": 807209.56544130191, "avg_q_len": 1.0718977272220562, "mc_wait_time": 716129.57008282118, "quing_time": 65672.980939295812, "tps": 3203.7571428571432}