{"r_time": 852448.89599930029, "avg_q_len": 1.0490752363439297, "mc_wait_time": 754172.25234072166, "quing_time": 70364.277094065794, "tps": 3084.1857142857143}