{"r_time": 1127992.6054414138, "avg_q_len": 1.1412773186255609, "mc_wait_time": 972306.7961035429, "quing_time": 88170.749467905087, "tps": 2556.4714285714285}