{"r_time": 807745.26359155949, "avg_q_len": 1.1024964078876616, "mc_wait_time": 717058.98584274575, "quing_time": 65083.313543036216, "tps": 3241.2285714285717}