{"r_time": 1169722.8899956006, "avg_q_len": 0.99501911614542515, "mc_wait_time": 1014049.1522565349, "quing_time": 87409.9816176772, "tps": 2406.3428571428567}