{"r_time": 1016923.6547616535, "avg_q_len": 1.2533005957172758, "mc_wait_time": 870044.33887719119, "quing_time": 85299.004194652283, "tps": 2839.3142857142857}