{"r_time": 913572.7257982546, "avg_q_len": 1.1887695753742034, "mc_wait_time": 784180.56105890218, "quing_time": 98945.961197796525, "tps": 2972.0285714285715}