{"r_time": 883384.74459667981, "avg_q_len": 0.97244098325503425, "mc_wait_time": 781340.933177653, "quing_time": 74191.516816868854, "tps": 2931.3714285714286}