{"r_time": 969918.7654615012, "avg_q_len": 0.91690326874876504, "mc_wait_time": 853040.21980768256, "quing_time": 83641.518391917576, "tps": 2747.2285714285717}