{"r_time": 1095434.47811794, "avg_q_len": 1.2476896087215312, "mc_wait_time": 931164.13463875605, "quing_time": 100238.7939918428, "tps": 2736.0857142857144}