{"r_time": 1069728.7874336964, "avg_q_len": 1.2810992920827671, "mc_wait_time": 911645.42923220189, "quing_time": 96592.935775060541, "tps": 2722.2714285714287}