{"r_time": 1006439.7831496978, "avg_q_len": 1.175916155272567, "mc_wait_time": 870670.03456697066, "quing_time": 74123.684820497321, "tps": 2788.8285714285712}