{"r_time": 795423.42341554165, "avg_q_len": 1.1656778301109405, "mc_wait_time": 699901.07850976824, "quing_time": 70192.455033365026, "tps": 3293.9142857142861}