{"r_time": 1027417.4027680564, "avg_q_len": 1.270280743618768, "mc_wait_time": 872183.956990493, "quing_time": 94072.108949067187, "tps": 2801.7428571428572}