{"r_time": 811789.83851339621, "avg_q_len": 1.160099107504357, "mc_wait_time": 708947.6782603371, "quing_time": 73781.957234851565, "tps": 3246.1142857142859}