{
"r_time": 1969394.867484899, 
"quing_time": 511029.57393976208, 
"mc_wait_time": 1435355.1792603768, 
"nt_service_time": 4227.7335333680967, 
"wt_preprocess_time": 3113.569252551566, 
"wt_service_time": 3113.569252551566, 
"wt_postprocess_time": 1435355.1792603768, 
"avg_q_len": 9.5119436761377916, 
"tps": 13578.614285714286
}