{
"r_time": 3064246.5737375896, 
"quing_time": 942953.58392387535, 
"mc_wait_time": 2096160.7599016246, 
"nt_service_time": 5620.0446619674221, 
"wt_preprocess_time": 2767.8008426663105, 
"wt_service_time": 2767.8008426663105, 
"wt_postprocess_time": 2096160.7599016246, 
"avg_q_len": 18.075318753534209, 
"tps": 15082.185714285715
}