{
"r_time": 833392.84574103681, 
"quing_time": 109560.73253788009, 
"mc_wait_time": 706238.7251765728, 
"nt_service_time": 1600.2418799137874, 
"wt_preprocess_time": 2330.1050925277059, 
"wt_service_time": 2330.1050925277059, 
"wt_postprocess_time": 706238.7251765728, 
"avg_q_len": 2.2342279885114391, 
"tps": 5192.7428571428572
}