{
"r_time": 1440764.7503578244, 
"quing_time": 362954.05191409035, 
"mc_wait_time": 1054208.5559900305, 
"nt_service_time": 3250.9473130955193, 
"wt_preprocess_time": 4693.1766161773776, 
"wt_service_time": 4693.1766161773776, 
"wt_postprocess_time": 1054208.5559900305, 
"avg_q_len": 5.3036451949107546, 
"tps": 10896.928571428571
}