{
"r_time": 6868756.7968511395, 
"quing_time": 5862401.0389151946, 
"mc_wait_time": 981381.86940296157, 
"nt_service_time": 1799.3791690910457, 
"wt_preprocess_time": 4104.4189734671509, 
"wt_service_time": 4104.4189734671509, 
"wt_postprocess_time": 981381.86940296157, 
"avg_q_len": 45.147109952552071, 
"tps": 8686.2142857142862
}