{
"r_time": 6464637.5885857102, 
"quing_time": 5516508.528227984, 
"mc_wait_time": 924530.77992635546, 
"nt_service_time": 1785.4423195200834, 
"wt_preprocess_time": 2738.6312848765306, 
"wt_service_time": 2738.6312848765306, 
"wt_postprocess_time": 924530.77992635546, 
"avg_q_len": 44.754433870061519, 
"tps": 9077.0428571428565
}