{
"r_time": 14871118.045484925, 
"quing_time": 13862295.318787374, 
"mc_wait_time": 982920.34404727956, 
"nt_service_time": 1988.0081771547025, 
"wt_preprocess_time": 2696.9576411824924, 
"wt_service_time": 2696.9576411824924, 
"wt_postprocess_time": 982920.34404727956, 
"avg_q_len": 106.10456088012872, 
"tps": 8772.7428571428572
}