{
"r_time": 2762525.7917838879, 
"quing_time": 1817938.8718939801, 
"mc_wait_time": 922992.75611883344, 
"nt_service_time": 1431.4460998516686, 
"wt_preprocess_time": 3034.3346064247212, 
"wt_service_time": 3034.3346064247212, 
"wt_postprocess_time": 922992.75611883344, 
"avg_q_len": 14.70074265754814, 
"tps": 9042.8142857142866
}