{
"r_time": 1419222.3628625518, 
"quing_time": 356516.10961799166, 
"mc_wait_time": 1042018.3448772171, 
"nt_service_time": 3765.4691042022378, 
"wt_preprocess_time": 1957.1552711659419, 
"wt_service_time": 1957.1552711659419, 
"wt_postprocess_time": 1042018.3448772171, 
"avg_q_len": 5.3829966527918227, 
"tps": 10934.485714285714
}