{
"r_time": 683220.19862975471, 
"quing_time": 38256.073043766432, 
"mc_wait_time": 631717.46640552045, 
"nt_service_time": 1393.0755314537837, 
"wt_preprocess_time": 1662.7736154018223, 
"wt_service_time": 1662.7736154018223, 
"wt_postprocess_time": 631717.46640552045, 
"avg_q_len": 0.99198476458134954, 
"tps": 3090.5428571428574
}