{
"r_time": 6576331.3147087879, 
"quing_time": 5612011.5679921489, 
"mc_wait_time": 940382.64250471524, 
"nt_service_time": 1745.0343975430806, 
"wt_preprocess_time": 2518.6571113598657, 
"wt_service_time": 2518.6571113598657, 
"wt_postprocess_time": 940382.64250471524, 
"avg_q_len": 44.952948046038458, 
"tps": 8978.8285714285721
}