{
"r_time": 795793.02082890552, 
"quing_time": 99406.692686530165, 
"mc_wait_time": 677021.56262772135, 
"nt_service_time": 2151.7798221930411, 
"wt_preprocess_time": 2824.5042753915009, 
"wt_service_time": 2824.5042753915009, 
"wt_postprocess_time": 677021.56262772135, 
"avg_q_len": 2.1412088802463134, 
"tps": 5289.4285714285716
}