{
"r_time": 6652134.4563319115, 
"quing_time": 3683102.6650153361, 
"mc_wait_time": 2923662.8202632396, 
"nt_service_time": 5415.2299606310835, 
"wt_preprocess_time": 2798.5556463919161, 
"wt_service_time": 2798.5556463919161, 
"wt_postprocess_time": 2923662.8202632396, 
"avg_q_len": 42.976293050663976, 
"tps": 15965.657142857144
}