{
"r_time": 1287709.3342406461, 
"quing_time": 354903.03282392758, 
"mc_wait_time": 906806.10263246123, 
"nt_service_time": 1570.2451041653558, 
"wt_preprocess_time": 3289.4398090164605, 
"wt_service_time": 3289.4398090164605, 
"wt_postprocess_time": 906806.10263246123, 
"avg_q_len": 3.2462977307064032, 
"tps": 7451.0285714285719
}