{
"r_time": 3873036.6152762459, 
"quing_time": 2022565.1678050691, 
"mc_wait_time": 1821146.8133244179, 
"nt_service_time": 5654.6143323987772, 
"wt_preprocess_time": 4203.8629276094416, 
"wt_service_time": 4203.8629276094416, 
"wt_postprocess_time": 1821146.8133244179, 
"avg_q_len": 29.224796771995756, 
"tps": 13775.871428571429
}