{
"r_time": 1317260.8620109076, 
"quing_time": 261080.78949941188, 
"mc_wait_time": 1037430.4460662139, 
"nt_service_time": 3798.1702558232369, 
"wt_preprocess_time": 1697.2687008436219, 
"wt_service_time": 1697.2687008436219, 
"wt_postprocess_time": 1037430.4460662139, 
"avg_q_len": 5.9645499875061061, 
"tps": 11376.985714285714
}