{
"r_time": 753021.76411181758, 
"quing_time": 102369.1830618017, 
"mc_wait_time": 633781.04151814315, 
"nt_service_time": 2130.4757565937248, 
"wt_preprocess_time": 2134.0741668819073, 
"wt_service_time": 2134.0741668819073, 
"wt_postprocess_time": 633781.04151814315, 
"avg_q_len": 2.3746262404105463, 
"tps": 5456.1428571428569
}