{
"r_time": 729651.38857866125, 
"quing_time": 93797.791957606387, 
"mc_wait_time": 619752.15990323119, 
"nt_service_time": 1842.7173109706841, 
"wt_preprocess_time": 2384.5400796771164, 
"wt_service_time": 2384.5400796771164, 
"wt_postprocess_time": 619752.15990323119, 
"avg_q_len": 2.338861482457792, 
"tps": 5690.3571428571431
}