{
"r_time": 668874.65539391257, 
"quing_time": 35600.337426657665, 
"mc_wait_time": 619582.91098531638, 
"nt_service_time": 1317.6482534572847, 
"wt_preprocess_time": 1741.6726796219559, 
"wt_service_time": 1741.6726796219559, 
"wt_postprocess_time": 619582.91098531638, 
"avg_q_len": 0.80126686089450527, 
"tps": 3152.9000000000001
}