{
"r_time": 1403003.8489736482, 
"quing_time": 354006.90920093231, 
"mc_wait_time": 1027990.5436088967, 
"nt_service_time": 3517.9714396506679, 
"wt_preprocess_time": 2012.4308697564691, 
"wt_service_time": 2012.4308697564691, 
"wt_postprocess_time": 1027990.5436088967, 
"avg_q_len": 5.5197510874051501, 
"tps": 11248.928571428572
}