{
"r_time": 1934334.1921103222, 
"quing_time": 465158.2633771894, 
"mc_wait_time": 1448670.0426015945, 
"nt_service_time": 5116.1583793111513, 
"wt_preprocess_time": 1777.7334685740457, 
"wt_service_time": 1777.7334685740457, 
"wt_postprocess_time": 1448670.0426015945, 
"avg_q_len": 9.5840799674119292, 
"tps": 13536.942857142858
}