{
"r_time": 678394.41700418002, 
"quing_time": 37898.231451202591, 
"mc_wait_time": 627101.25954738457, 
"nt_service_time": 1321.2619581407159, 
"wt_preprocess_time": 1603.4850778560335, 
"wt_service_time": 1603.4850778560335, 
"wt_postprocess_time": 627101.25954738457, 
"avg_q_len": 0.97992914528007147, 
"tps": 3072.6857142857143
}