{
"r_time": 6360628.8665266531, 
"quing_time": 5430668.9136623256, 
"mc_wait_time": 907197.45870391652, 
"nt_service_time": 1363.2311060114948, 
"wt_preprocess_time": 4030.4102437118108, 
"wt_service_time": 4030.4102437118108, 
"wt_postprocess_time": 907197.45870391652, 
"avg_q_len": 45.062611629291524, 
"tps": 9214.1714285714279
}