{
"r_time": 28825618.100307558, 
"quing_time": 27870465.376029775, 
"mc_wait_time": 930351.5535382987, 
"nt_service_time": 1696.8044080219715, 
"wt_preprocess_time": 2778.091797309191, 
"wt_service_time": 2778.091797309191, 
"wt_postprocess_time": 930351.5535382987, 
"avg_q_len": 223.45090584629708, 
"tps": 9206.0714285714294
}