{
"r_time": 848604.74625036411, 
"quing_time": 108108.00629943094, 
"mc_wait_time": 722642.24991751788, 
"nt_service_time": 1563.9150365115202, 
"wt_preprocess_time": 2156.0902418408241, 
"wt_service_time": 2156.0902418408241, 
"wt_postprocess_time": 722642.24991751788, 
"avg_q_len": 2.2672099121578122, 
"tps": 5169.9857142857145
}