{
"r_time": 3150602.657381299, 
"quing_time": 991762.81472035428, 
"mc_wait_time": 2132994.9580194675, 
"nt_service_time": 6310.9454559725555, 
"wt_preprocess_time": 1925.0430933212817, 
"wt_service_time": 1925.0430933212817, 
"wt_postprocess_time": 2132994.9580194675, 
"avg_q_len": 18.969427813360561, 
"tps": 14684.4
}