{
"r_time": 830726.34194419219, 
"quing_time": 99225.042341270702, 
"mc_wait_time": 712855.8236068415, 
"nt_service_time": 2038.1078138599844, 
"wt_preprocess_time": 2407.0102605289467, 
"wt_service_time": 2407.0102605289467, 
"wt_postprocess_time": 712855.8236068415, 
"avg_q_len": 2.1543588576250863, 
"tps": 5146.1714285714279
}