{
"r_time": 9052509.2034708187, 
"quing_time": 7019887.2985419985, 
"mc_wait_time": 2002986.2827136521, 
"nt_service_time": 5518.4360279049206, 
"wt_preprocess_time": 3432.97758331556, 
"wt_service_time": 3432.97758331556, 
"wt_postprocess_time": 2002986.2827136521, 
"avg_q_len": 96.443410751869777, 
"tps": 14715.314285714285
}