{
"r_time": 2810328.6958579207, 
"quing_time": 1851025.19759539, 
"mc_wait_time": 935560.64566917252, 
"nt_service_time": 1666.0267085848629, 
"wt_preprocess_time": 2672.1733993604457, 
"wt_service_time": 2672.1733993604457, 
"wt_postprocess_time": 935560.64566917252, 
"avg_q_len": 14.824342077990822, 
"tps": 8960.028571428571
}