{
"r_time": 4939910.1637314744, 
"quing_time": 2451073.138338374, 
"mc_wait_time": 2452628.2950967303, 
"nt_service_time": 6719.905173671531, 
"wt_preprocess_time": 3118.2980981950873, 
"wt_service_time": 3118.2980981950873, 
"wt_postprocess_time": 2452628.2950967303, 
"avg_q_len": 39.900929688985634, 
"tps": 14949.700000000001
}