{
"r_time": 7910514.2632850669, 
"quing_time": 5847425.4476331072, 
"mc_wait_time": 2032561.1814816683, 
"nt_service_time": 6828.8970008062006, 
"wt_preprocess_time": 3041.6250595082224, 
"wt_service_time": 3041.6250595082224, 
"wt_postprocess_time": 2032561.1814816683, 
"avg_q_len": 79.610008335761776, 
"tps": 14755.700000000001
}