{
"r_time": 3473582.5571527332, 
"quing_time": 2160499.8876197538, 
"mc_wait_time": 1289731.4168925425, 
"nt_service_time": 2849.5812434691911, 
"wt_preprocess_time": 2483.1776959516947, 
"wt_service_time": 2483.1776959516947, 
"wt_postprocess_time": 1289731.4168925425, 
"avg_q_len": 24.625622589833736, 
"tps": 12247.228571428572
}