{
"r_time": 1913142.0370327309, 
"quing_time": 427699.99690697424, 
"mc_wait_time": 1463904.586091714, 
"nt_service_time": 4218.4065971474138, 
"wt_preprocess_time": 2904.0895866238561, 
"wt_service_time": 2904.0895866238561, 
"wt_postprocess_time": 1463904.586091714, 
"avg_q_len": 9.8662660155243902, 
"tps": 14143.642857142857
}