{
"r_time": 676688.42833342741, 
"quing_time": 30724.069536734325, 
"mc_wait_time": 632665.25804127625, 
"nt_service_time": 1314.4133541850917, 
"wt_preprocess_time": 1608.7720975923603, 
"wt_service_time": 1608.7720975923603, 
"wt_postprocess_time": 632665.25804127625, 
"avg_q_len": 0.81928972237273501, 
"tps": 3111.0571428571429
}