{
"r_time": 761018.91303777089, 
"quing_time": 92625.167140649603, 
"mc_wait_time": 649933.99673105776, 
"nt_service_time": 2159.0743126676593, 
"wt_preprocess_time": 3953.0757877082578, 
"wt_service_time": 3953.0757877082578, 
"wt_postprocess_time": 649933.99673105776, 
"avg_q_len": 2.3184136879588149, 
"tps": 5472.1714285714279
}