{
"r_time": 2686451.9869154375, 
"quing_time": 1766246.0313418796, 
"mc_wait_time": 898555.10190135776, 
"nt_service_time": 1779.0945305609403, 
"wt_preprocess_time": 2205.1988098472571, 
"wt_service_time": 2205.1988098472571, 
"wt_postprocess_time": 898555.10190135776, 
"avg_q_len": 14.652398248465852, 
"tps": 9183.7857142857138
}