{
"r_time": 2016776.1083208991, 
"quing_time": 444749.29589451535, 
"mc_wait_time": 1552407.2800986404, 
"nt_service_time": 5061.1596326503741, 
"wt_preprocess_time": 1783.8735526781907, 
"wt_service_time": 1783.8735526781907, 
"wt_postprocess_time": 1552407.2800986404, 
"avg_q_len": 10.165342309494225, 
"tps": 14026.571428571428
}