{
"r_time": 678432.67977980175, 
"quing_time": 37141.662542633727, 
"mc_wait_time": 626716.76370969834, 
"nt_service_time": 1538.7335472600794, 
"wt_preprocess_time": 1769.1272816784965, 
"wt_service_time": 1769.1272816784965, 
"wt_postprocess_time": 626716.76370969834, 
"avg_q_len": 0.87259152215799618, 
"tps": 3084.3428571428572
}