{
"r_time": 3252077.5813772772, 
"quing_time": 1986565.5552424397, 
"mc_wait_time": 1242832.0801786473, 
"nt_service_time": 3204.6857056731255, 
"wt_preprocess_time": 2262.7769945365785, 
"wt_service_time": 2262.7769945365785, 
"wt_postprocess_time": 1242832.0801786473, 
"avg_q_len": 23.764463831911417, 
"tps": 12592.0
}