{
"r_time": 1293525.6322127236, 
"quing_time": 267204.07482315705, 
"mc_wait_time": 1007294.031680275, 
"nt_service_time": 3621.4372949269746, 
"wt_preprocess_time": 1817.6604479931341, 
"wt_service_time": 1817.6604479931341, 
"wt_postprocess_time": 1007294.031680275, 
"avg_q_len": 5.8070122954872323, 
"tps": 11413.014285714286
}