{
"r_time": 1350579.3851244685, 
"quing_time": 292262.55564320565, 
"mc_wait_time": 1037532.1784227072, 
"nt_service_time": 3184.4378900333413, 
"wt_preprocess_time": 2134.6304629608026, 
"wt_service_time": 2134.6304629608026, 
"wt_postprocess_time": 1037532.1784227072, 
"avg_q_len": 5.7150407418626248, 
"tps": 11365.985714285714
}