{
"r_time": 1295343.7404882577, 
"quing_time": 271235.45843782602, 
"mc_wait_time": 1005384.576672504, 
"nt_service_time": 3123.8688468013947, 
"wt_preprocess_time": 2707.7689803322096, 
"wt_service_time": 2707.7689803322096, 
"wt_postprocess_time": 1005384.576672504, 
"avg_q_len": 5.9377068788403369, 
"tps": 12015.314285714285
}