{
"r_time": 2034197.9177811118, 
"quing_time": 445716.80885711586, 
"mc_wait_time": 1566329.741408878, 
"nt_service_time": 4885.8549541974007, 
"wt_preprocess_time": 3739.1513754895323, 
"wt_service_time": 3739.1513754895323, 
"wt_postprocess_time": 1566329.741408878, 
"avg_q_len": 9.7683752327650311, 
"tps": 13793.799999999999
}