{
"r_time": 858371.07266135607, 
"quing_time": 97212.958059502387, 
"mc_wait_time": 740275.02332090796, 
"nt_service_time": 2183.9128183400621, 
"wt_preprocess_time": 3858.6182851515314, 
"wt_service_time": 3858.6182851515314, 
"wt_postprocess_time": 740275.02332090796, 
"avg_q_len": 1.9428218226054439, 
"tps": 5073.1142857142859
}