{
"r_time": 3518133.7212271569, 
"quing_time": 2221814.85511309, 
"mc_wait_time": 1272398.5122988326, 
"nt_service_time": 2523.7167317187923, 
"wt_preprocess_time": 4245.6015137283775, 
"wt_service_time": 4245.6015137283775, 
"wt_postprocess_time": 1272398.5122988326, 
"avg_q_len": 25.829826031245378, 
"tps": 12754.342857142856
}