{
"r_time": 685717.16072787181, 
"quing_time": 39943.07729908394, 
"mc_wait_time": 632242.80771990959, 
"nt_service_time": 1290.6698867916543, 
"wt_preprocess_time": 1845.2972207192274, 
"wt_service_time": 1845.2972207192274, 
"wt_postprocess_time": 632242.80771990959, 
"avg_q_len": 1.0151994163424125, 
"tps": 3054.6285714285714
}