{
"r_time": 680560.59595678467, 
"quing_time": 30377.820311029122, 
"mc_wait_time": 637290.72070790688, 
"nt_service_time": 1468.1797652913201, 
"wt_preprocess_time": 1430.832332308891, 
"wt_service_time": 1430.832332308891, 
"wt_postprocess_time": 637290.72070790688, 
"avg_q_len": 0.7709725437529642, 
"tps": 3042.2428571428572
}