{
"r_time": 6538136.543290643, 
"quing_time": 5586466.8117818283, 
"mc_wait_time": 926035.07504361204, 
"nt_service_time": 1752.1645434979143, 
"wt_preprocess_time": 4155.1098567105055, 
"wt_service_time": 4155.1098567105055, 
"wt_postprocess_time": 926035.07504361204, 
"avg_q_len": 45.259947153419738, 
"tps": 9109.9285714285725
}