{
"r_time": 14159733.055365272, 
"quing_time": 13198911.62234433, 
"mc_wait_time": 936347.84583771275, 
"nt_service_time": 1786.8044798613596, 
"wt_preprocess_time": 3866.7533249008147, 
"wt_service_time": 3866.7533249008147, 
"wt_postprocess_time": 936347.84583771275, 
"avg_q_len": 105.77807864485034, 
"tps": 9158.7142857142844
}