{
"r_time": 690548.3881909725, 
"quing_time": 34810.512836677888, 
"mc_wait_time": 642242.20687723043, 
"nt_service_time": 1292.7370805534397, 
"wt_preprocess_time": 2282.8147242212949, 
"wt_service_time": 2282.8147242212949, 
"wt_postprocess_time": 642242.20687723043, 
"avg_q_len": 0.7838763887592195, 
"tps": 3060.2857142857142
}