{
"r_time": 14039268.541038804, 
"quing_time": 13086876.842691327, 
"mc_wait_time": 925649.29568813182, 
"nt_service_time": 1681.7631477936611, 
"wt_preprocess_time": 4904.1150646580945, 
"wt_service_time": 4904.1150646580945, 
"wt_postprocess_time": 925649.29568813182, 
"avg_q_len": 104.74316809314854, 
"tps": 9206.7999999999993
}