{
"r_time": 1969778.5101433585, 
"quing_time": 550582.58450220944, 
"mc_wait_time": 1395375.4412482546, 
"nt_service_time": 3898.324860729369, 
"wt_preprocess_time": 2257.9580656102853, 
"wt_service_time": 2257.9580656102853, 
"wt_postprocess_time": 1395375.4412482546, 
"avg_q_len": 10.256781855891367, 
"tps": 13844.714285714286
}