{
"r_time": 675873.08176367171, 
"quing_time": 47149.213088785174, 
"mc_wait_time": 614628.44565988355, 
"nt_service_time": 1344.2010534134815, 
"wt_preprocess_time": 1825.4763701755701, 
"wt_service_time": 1825.4763701755701, 
"wt_postprocess_time": 614628.44565988355, 
"avg_q_len": 1.223562594528798, 
"tps": 3145.3000000000002
}