{
"r_time": 774754.9927904479, 
"quing_time": 97688.737751797846, 
"mc_wait_time": 659262.29008864332, 
"nt_service_time": 2173.9497898642194, 
"wt_preprocess_time": 2123.5010540328576, 
"wt_service_time": 2123.5010540328576, 
"wt_postprocess_time": 659262.29008864332, 
"avg_q_len": 2.2316589477410411, 
"tps": 5327.0428571428565
}