{
"r_time": 5024477.8345325924, 
"quing_time": 2494995.9214549903, 
"mc_wait_time": 2497659.1072448343, 
"nt_service_time": 5067.5330568500522, 
"wt_preprocess_time": 2930.5505579842511, 
"wt_service_time": 2930.5505579842511, 
"wt_postprocess_time": 2497659.1072448343, 
"avg_q_len": 39.396872843702425, 
"tps": 15651.828571428572
}