{
"r_time": 1507209.5278431515, 
"quing_time": 398723.95442936529, 
"mc_wait_time": 1085032.3123419993, 
"nt_service_time": 2685.6052133837757, 
"wt_preprocess_time": 4062.7764728252073, 
"wt_service_time": 4062.7764728252073, 
"wt_postprocess_time": 1085032.3123419993, 
"avg_q_len": 5.4194027527339239, 
"tps": 11012.428571428572
}