{
"r_time": 1250971.2307530763, 
"quing_time": 317257.99681413465, 
"mc_wait_time": 908748.86379656359, 
"nt_service_time": 2898.6238861207999, 
"wt_preprocess_time": 2991.9168921726359, 
"wt_service_time": 2991.9168921726359, 
"wt_postprocess_time": 908748.86379656359, 
"avg_q_len": 3.0068318076918379, 
"tps": 7019.6857142857152
}