{
"r_time": 1001981.3865283462, 
"quing_time": 203215.06632343374, 
"mc_wait_time": 779556.76871462306, 
"nt_service_time": 1947.3539716537593, 
"wt_preprocess_time": 2429.0580760050229, 
"wt_service_time": 2429.0580760050229, 
"wt_postprocess_time": 779556.76871462306, 
"avg_q_len": 3.5768697848233026, 
"tps": 8371.8571428571413
}