{
"r_time": 1007532.6554951991, 
"quing_time": 185809.07337988942, 
"mc_wait_time": 802132.25169263268, 
"nt_service_time": 2393.9860190252953, 
"wt_preprocess_time": 3159.7473102922318, 
"wt_service_time": 3159.7473102922318, 
"wt_postprocess_time": 802132.25169263268, 
"avg_q_len": 3.5775118429490496, 
"tps": 8287.028571428571
}