{
"r_time": 1011068.2615596978, 
"quing_time": 179554.51207120265, 
"mc_wait_time": 810314.84990130295, 
"nt_service_time": 2683.3947506472523, 
"wt_preprocess_time": 4121.1983005289039, 
"wt_service_time": 4121.1983005289039, 
"wt_postprocess_time": 810314.84990130295, 
"avg_q_len": 3.4254675529033425, 
"tps": 8306.9285714285725
}