{
"r_time": 3908997.3717083442, 
"quing_time": 2028168.2662382675, 
"mc_wait_time": 1853687.5712507705, 
"nt_service_time": 5887.6975382708215, 
"wt_preprocess_time": 3228.6934396571778, 
"wt_service_time": 3228.6934396571778, 
"wt_postprocess_time": 1853687.5712507705, 
"avg_q_len": 28.926296139091672, 
"tps": 14203.17142857143
}