{
"r_time": 792510.81195398537, 
"quing_time": 93353.748607581801, 
"mc_wait_time": 679853.24157578696, 
"nt_service_time": 1717.7683834611369, 
"wt_preprocess_time": 3587.9971573271205, 
"wt_service_time": 3587.9971573271205, 
"wt_postprocess_time": 679853.24157578696, 
"avg_q_len": 2.1256299099379965, 
"tps": 5315.3857142857141
}