{
"r_time": 1353254.0592186989, 
"quing_time": 260738.31984980486, 
"mc_wait_time": 1072723.5913850223, 
"nt_service_time": 3881.5000456817952, 
"wt_preprocess_time": 2748.7893281777579, 
"wt_service_time": 2748.7893281777579, 
"wt_postprocess_time": 1072723.5913850223, 
"avg_q_len": 5.583942774440616, 
"tps": 11153.857142857143
}