{
"r_time": 1258517.9391370043, 
"quing_time": 312283.45057033701, 
"mc_wait_time": 921837.77476087678, 
"nt_service_time": 2632.2892617314405, 
"wt_preprocess_time": 3516.2842417677753, 
"wt_service_time": 3516.2842417677753, 
"wt_postprocess_time": 921837.77476087678, 
"avg_q_len": 2.9401690064816246, 
"tps": 7198.3714285714286
}