{
"r_time": 7726740.042509323, 
"quing_time": 5562288.7306160145, 
"mc_wait_time": 2132087.5973534994, 
"nt_service_time": 6119.6533923232209, 
"wt_preprocess_time": 2637.5528113409059, 
"wt_service_time": 2637.5528113409059, 
"wt_postprocess_time": 2132087.5973534994, 
"avg_q_len": 72.937854438103443, 
"tps": 14736.457142857143
}