{
"r_time": 904667.05001171562, 
"quing_time": 186080.35108425215, 
"mc_wait_time": 700317.25981767674, 
"nt_service_time": 2022.1649794582495, 
"wt_preprocess_time": 2106.5345021483781, 
"wt_service_time": 2106.5345021483781, 
"wt_postprocess_time": 700317.25981767674, 
"avg_q_len": 3.6946257708351151, 
"tps": 9020.8285714285703
}