{
"r_time": 1002661.4565672339, 
"quing_time": 185821.73382332001, 
"mc_wait_time": 797481.34106022376, 
"nt_service_time": 2855.4960989286328, 
"wt_preprocess_time": 2846.4658809508128, 
"wt_service_time": 2846.4658809508128, 
"wt_postprocess_time": 797481.34106022376, 
"avg_q_len": 3.6050593314150334, 
"tps": 8375.471428571429
}