{
"r_time": 3384062.6296932255, 
"quing_time": 2114354.0100110183, 
"mc_wait_time": 1242276.6173211033, 
"nt_service_time": 2768.9278596554523, 
"wt_preprocess_time": 5214.1303410577502, 
"wt_service_time": 5214.1303410577502, 
"wt_postprocess_time": 1242276.6173211033, 
"avg_q_len": 24.871610239890714, 
"tps": 12381.82857142857
}