{
"r_time": 14058584.552403349, 
"quing_time": 13102942.602402467, 
"mc_wait_time": 931134.68818868347, 
"nt_service_time": 1664.1429693294335, 
"wt_preprocess_time": 2446.8430094280675, 
"wt_service_time": 2446.8430094280675, 
"wt_postprocess_time": 931134.68818868347, 
"avg_q_len": 106.19434246219308, 
"tps": 9179.1571428571424
}