{
"r_time": 1241293.4717279458, 
"quing_time": 320699.6366215708, 
"mc_wait_time": 896484.28689747024, 
"nt_service_time": 2025.1653206869098, 
"wt_preprocess_time": 4833.1414324740354, 
"wt_service_time": 4833.1414324740354, 
"wt_postprocess_time": 896484.28689747024, 
"avg_q_len": 3.0491600683474718, 
"tps": 7583.1000000000004
}