{
"r_time": 17369473.278332181, 
"quing_time": 16034274.582010234, 
"mc_wait_time": 1308576.5659559392, 
"nt_service_time": 2886.0096592276559, 
"wt_preprocess_time": 3407.0988127303467, 
"wt_service_time": 3407.0988127303467, 
"wt_postprocess_time": 1308576.5659559392, 
"avg_q_len": 186.44598361824069, 
"tps": 12929.014285714286
}