{
"r_time": 2475683.7666656813, 
"quing_time": 1613221.0762417, 
"mc_wait_time": 841789.72937420313, 
"nt_service_time": 1707.4546253806054, 
"wt_preprocess_time": 2285.2732424639289, 
"wt_service_time": 2285.2732424639289, 
"wt_postprocess_time": 841789.72937420313, 
"avg_q_len": 14.298774012935612, 
"tps": 9471.0857142857149
}