{
"r_time": 14407401.766558878, 
"quing_time": 13442068.732269533, 
"mc_wait_time": 940832.06852435938, 
"nt_service_time": 1539.3942143329291, 
"wt_preprocess_time": 4219.0638997357755, 
"wt_service_time": 4219.0638997357755, 
"wt_postprocess_time": 940832.06852435938, 
"avg_q_len": 107.5574604388475, 
"tps": 9116.085714285713
}