{
"r_time": 1202245.9961719299, 
"quing_time": 314029.15865597373, 
"mc_wait_time": 864545.74830572167, 
"nt_service_time": 2000.2682439921275, 
"wt_preprocess_time": 4169.9339648130208, 
"wt_service_time": 4169.9339648130208, 
"wt_postprocess_time": 864545.74830572167, 
"avg_q_len": 3.0967951458394878, 
"tps": 7785.9571428571435
}