{
"r_time": 3892911.1352693001, 
"quing_time": 2042346.7238026736, 
"mc_wait_time": 1823775.7929428299, 
"nt_service_time": 5817.1423856725023, 
"wt_preprocess_time": 1939.8042309801838, 
"wt_service_time": 1939.8042309801838, 
"wt_postprocess_time": 1823775.7929428299, 
"avg_q_len": 30.121519304355928, 
"tps": 14716.885714285714
}