{
"r_time": 20907447.446726594, 
"quing_time": 19399393.279716127, 
"mc_wait_time": 1476265.3370695224, 
"nt_service_time": 4227.0097457151005, 
"wt_preprocess_time": 3063.0903289931816, 
"wt_service_time": 3063.0903289931816, 
"wt_postprocess_time": 1476265.3370695224, 
"avg_q_len": 198.55399712225955, 
"tps": 11576.542857142857
}