{
"r_time": 2763799.1154853133, 
"quing_time": 1821054.9127354624, 
"mc_wait_time": 919852.42281186767, 
"nt_service_time": 1618.7641870094985, 
"wt_preprocess_time": 4272.6022404748956, 
"wt_service_time": 4272.6022404748956, 
"wt_postprocess_time": 919852.42281186767, 
"avg_q_len": 14.778158174770073, 
"tps": 9021.4857142857145
}