{
"r_time": 1257545.4984861026, 
"quing_time": 257305.73204976693, 
"mc_wait_time": 980097.1584182079, 
"nt_service_time": 2925.8100662881634, 
"wt_preprocess_time": 3238.1006927896997, 
"wt_service_time": 3238.1006927896997, 
"wt_postprocess_time": 980097.1584182079, 
"avg_q_len": 5.4705512971224364, 
"tps": 11556.900000000001
}