{
"r_time": 997172.79693668778, 
"quing_time": 191371.88590153796, 
"mc_wait_time": 785795.45706433931, 
"nt_service_time": 2259.346124172353, 
"wt_preprocess_time": 2106.4189612101763, 
"wt_service_time": 2106.4189612101763, 
"wt_postprocess_time": 785795.45706433931, 
"avg_q_len": 3.6456136378613202, 
"tps": 8454.6142857142841
}