{
"r_time": 1942782.4914113437, 
"quing_time": 462487.01881344977, 
"mc_wait_time": 1459107.0320438249, 
"nt_service_time": 4354.4319366234622, 
"wt_preprocess_time": 1923.4024752702244, 
"wt_service_time": 1923.4024752702244, 
"wt_postprocess_time": 1459107.0320438249, 
"avg_q_len": 10.374984287121928, 
"tps": 14092.17142857143
}