{
"r_time": 802651.23460846813, 
"quing_time": 97912.817910413403, 
"mc_wait_time": 685181.65219541139, 
"nt_service_time": 2389.6978214242454, 
"wt_preprocess_time": 3977.7762986097796, 
"wt_service_time": 3977.7762986097796, 
"wt_postprocess_time": 685181.65219541139, 
"avg_q_len": 2.0931845398314675, 
"tps": 5201.1999999999998
}