{
"r_time": 682925.7314251737, 
"quing_time": 38529.683316560069, 
"mc_wait_time": 630802.30655877257, 
"nt_service_time": 1359.4491744531119, 
"wt_preprocess_time": 1495.4389213365048, 
"wt_service_time": 1495.4389213365048, 
"wt_postprocess_time": 630802.30655877257, 
"avg_q_len": 0.95526310813621496, 
"tps": 3022.1142857142859
}