{
"r_time": 9214435.9056474529, 
"quing_time": 7778579.2787397671, 
"mc_wait_time": 1405181.8801313553, 
"nt_service_time": 3251.620536277781, 
"wt_preprocess_time": 4734.3118072306443, 
"wt_service_time": 4734.3118072306443, 
"wt_postprocess_time": 1405181.8801313553, 
"avg_q_len": 83.853159414928427, 
"tps": 12048.342857142856
}