{
"r_time": 751410.3047954489, 
"quing_time": 90224.719350956846, 
"mc_wait_time": 645709.36621931207, 
"nt_service_time": 1676.1424045671035, 
"wt_preprocess_time": 2418.9297822445642, 
"wt_service_time": 2418.9297822445642, 
"wt_postprocess_time": 645709.36621931207, 
"avg_q_len": 2.3101070628353799, 
"tps": 5521.4571428571426
}