{
"r_time": 4122994.2870010277, 
"quing_time": 2175247.9555955669, 
"mc_wait_time": 1921114.2921326356, 
"nt_service_time": 6042.2978812748706, 
"wt_preprocess_time": 3423.80866484537, 
"wt_service_time": 3423.80866484537, 
"wt_postprocess_time": 1921114.2921326356, 
"avg_q_len": 31.558557877522745, 
"tps": 14929.185714285715
}