{
"r_time": 3451318.843924921, 
"quing_time": 2169593.6829547267, 
"mc_wait_time": 1253819.8023385154, 
"nt_service_time": 2794.73151790056, 
"wt_preprocess_time": 4925.6861943340773, 
"wt_service_time": 4925.6861943340773, 
"wt_postprocess_time": 1253819.8023385154, 
"avg_q_len": 25.15018896105628, 
"tps": 12319.242857142857
}