{
"r_time": 1030320.5613238397, 
"quing_time": 174881.92628924118, 
"mc_wait_time": 835068.3448764123, 
"nt_service_time": 3305.5307761333452, 
"wt_preprocess_time": 2815.6126084475663, 
"wt_service_time": 2815.6126084475663, 
"wt_postprocess_time": 835068.3448764123, 
"avg_q_len": 3.4727863992117776, 
"tps": 7960.0428571428565
}