{
"r_time": 3853246.5067484709, 
"quing_time": 2022543.0884122802, 
"mc_wait_time": 1800592.4151724577, 
"nt_service_time": 5537.6823966565325, 
"wt_preprocess_time": 2385.9537079836819, 
"wt_service_time": 2385.9537079836819, 
"wt_postprocess_time": 1800592.4151724577, 
"avg_q_len": 28.931626303184352, 
"tps": 14106.928571428571
}