{
"r_time": 813382.79318394477, 
"quing_time": 96408.04295489224, 
"mc_wait_time": 696628.47426645691, 
"nt_service_time": 1769.983240823268, 
"wt_preprocess_time": 4582.6608327983413, 
"wt_service_time": 4582.6608327983413, 
"wt_postprocess_time": 696628.47426645691, 
"avg_q_len": 2.0620214006795474, 
"tps": 5352.3000000000002
}