{
"r_time": 803559.06218932942, 
"quing_time": 95076.002861001805, 
"mc_wait_time": 688752.86961208051, 
"nt_service_time": 1528.2108807455629, 
"wt_preprocess_time": 5024.0595808541539, 
"wt_service_time": 5024.0595808541539, 
"wt_postprocess_time": 688752.86961208051, 
"avg_q_len": 2.1403155080213905, 
"tps": 5342.8571428571431
}