{
"r_time": 3538312.3087207992, 
"quing_time": 2234053.690941392, 
"mc_wait_time": 1278872.7770280764, 
"nt_service_time": 2428.6630909487585, 
"wt_preprocess_time": 2822.7375269647741, 
"wt_service_time": 2822.7375269647741, 
"wt_postprocess_time": 1278872.7770280764, 
"avg_q_len": 25.472736864937165, 
"tps": 12645.542857142858
}