{
"r_time": 1368405.2238866184, 
"quing_time": 277740.53631378867, 
"mc_wait_time": 1071501.5758192884, 
"nt_service_time": 3344.4225462661611, 
"wt_preprocess_time": 2929.4886281433069, 
"wt_service_time": 2929.4886281433069, 
"wt_postprocess_time": 1071501.5758192884, 
"avg_q_len": 5.7065957118269361, 
"tps": 11379.471428571429
}