{
"r_time": 1343320.0752587137, 
"quing_time": 289933.21130281483, 
"mc_wait_time": 1033858.078329764, 
"nt_service_time": 3794.1713456156385, 
"wt_preprocess_time": 1838.527343695305, 
"wt_service_time": 1838.527343695305, 
"wt_postprocess_time": 1033858.078329764, 
"avg_q_len": 5.950476962919045, 
"tps": 11589.700000000001
}