{
"r_time": 1110562.1565880675, 
"quing_time": 189588.42590265465, 
"mc_wait_time": 899065.0466919227, 
"nt_service_time": 2956.8795536700827, 
"wt_preprocess_time": 3825.2937590626875, 
"wt_service_time": 3825.2937590626875, 
"wt_postprocess_time": 899065.0466919227, 
"avg_q_len": 3.395346936603389, 
"tps": 7516.3999999999996
}