{
"r_time": 658871.93179714121, 
"quing_time": 43652.049405255006, 
"mc_wait_time": 601174.59616243304, 
"nt_service_time": 1385.1695670332927, 
"wt_preprocess_time": 1628.0319146589645, 
"wt_service_time": 1628.0319146589645, 
"wt_postprocess_time": 601174.59616243304, 
"avg_q_len": 1.090531292210716, 
"tps": 3172.8571428571431
}