{
"r_time": 1951013.9899429579, 
"quing_time": 472876.24025950732, 
"mc_wait_time": 1456951.8690344221, 
"nt_service_time": 4333.786132766114, 
"wt_preprocess_time": 1862.9289269356195, 
"wt_service_time": 1862.9289269356195, 
"wt_postprocess_time": 1456951.8690344221, 
"avg_q_len": 10.320167293814853, 
"tps": 14031.771428571428
}