{
"r_time": 1430856.8882769151, 
"quing_time": 348209.35960584733, 
"mc_wait_time": 1062604.3941552041, 
"nt_service_time": 3183.8789251579519, 
"wt_preprocess_time": 2091.0011068858967, 
"wt_service_time": 2091.0011068858967, 
"wt_postprocess_time": 1062604.3941552041, 
"avg_q_len": 5.3901442243642368, 
"tps": 11259.242857142857
}