{
"r_time": 28907093.389995616, 
"quing_time": 27969495.317616738, 
"mc_wait_time": 913799.36631158763, 
"nt_service_time": 1622.0580372643908, 
"wt_preprocess_time": 3729.8014745497321, 
"wt_service_time": 3729.8014745497321, 
"wt_postprocess_time": 913799.36631158763, 
"avg_q_len": 230.90177463807527, 
"tps": 9350.7999999999993
}