{
"r_time": 941446.59204163612, 
"quing_time": 180357.23656542355, 
"mc_wait_time": 742604.66137811274, 
"nt_service_time": 2680.267107630832, 
"wt_preprocess_time": 2561.8385341526591, 
"wt_service_time": 2561.8385341526591, 
"wt_postprocess_time": 742604.66137811274, 
"avg_q_len": 3.7637038363254609, 
"tps": 8777.0
}