{
"r_time": 686642.62930796179, 
"quing_time": 36346.223996216708, 
"mc_wait_time": 634762.17835686437, 
"nt_service_time": 1376.6768891007532, 
"wt_preprocess_time": 4079.0484058157172, 
"wt_service_time": 4079.0484058157172, 
"wt_postprocess_time": 634762.17835686437, 
"avg_q_len": 1.0430240702857911, 
"tps": 3079.6714285714288
}