{
"r_time": 20458187.202728849, 
"quing_time": 18999473.660269409, 
"mc_wait_time": 1428620.867066598, 
"nt_service_time": 3801.6248306525217, 
"wt_preprocess_time": 2601.0654988432034, 
"wt_service_time": 2601.0654988432034, 
"wt_postprocess_time": 1428620.867066598, 
"avg_q_len": 199.717807655786, 
"tps": 11809.928571428572
}