{
"r_time": 3160477.1284479257, 
"quing_time": 928961.78841391951, 
"mc_wait_time": 2208231.6475764792, 
"nt_service_time": 6047.9784035720158, 
"wt_preprocess_time": 2499.5780440093963, 
"wt_service_time": 2499.5780440093963, 
"wt_postprocess_time": 2208231.6475764792, 
"avg_q_len": 18.500293148042974, 
"tps": 15569.9
}