{
"r_time": 767012.41436435399, 
"quing_time": 101540.32015314273, 
"mc_wait_time": 647561.85781865823, 
"nt_service_time": 2424.7666877717984, 
"wt_preprocess_time": 2155.0464938938967, 
"wt_service_time": 2155.0464938938967, 
"wt_postprocess_time": 647561.85781865823, 
"avg_q_len": 2.3428277992441933, 
"tps": 5383.0857142857149
}