{
"r_time": 678759.20247071853, 
"quing_time": 26255.054377991801, 
"mc_wait_time": 638248.60715429112, 
"nt_service_time": 1368.2769885031025, 
"wt_preprocess_time": 3240.6469733714771, 
"wt_service_time": 3240.6469733714771, 
"wt_postprocess_time": 638248.60715429112, 
"avg_q_len": 0.51686485197986665, 
"tps": 3116.3714285714286
}