{
"r_time": 8291015.7877804236, 
"quing_time": 6265700.6997339856, 
"mc_wait_time": 1992209.6679536412, 
"nt_service_time": 5741.4014676129864, 
"wt_preprocess_time": 2609.3019343579608, 
"wt_service_time": 2609.3019343579608, 
"wt_postprocess_time": 1992209.6679536412, 
"avg_q_len": 85.004586494217136, 
"tps": 14358.928571428572
}