{
"r_time": 1042419.5682713429, 
"quing_time": 183161.63011485286, 
"mc_wait_time": 840240.0411195911, 
"nt_service_time": 3515.9378751008953, 
"wt_preprocess_time": 2065.8480897815261, 
"wt_service_time": 2065.8480897815261, 
"wt_postprocess_time": 840240.0411195911, 
"avg_q_len": 3.5937769303688385, 
"tps": 7957.028571428571
}