{
"r_time": 683533.65788902517, 
"quing_time": 32734.201768622246, 
"mc_wait_time": 637560.52158095618, 
"nt_service_time": 1450.4907192819405, 
"wt_preprocess_time": 1571.5968741475676, 
"wt_service_time": 1571.5968741475676, 
"wt_postprocess_time": 637560.52158095618, 
"avg_q_len": 0.82112761908307086, 
"tps": 3070.1857142857143
}