{
"r_time": 1030423.7871923746, 
"quing_time": 171293.7163513033, 
"mc_wait_time": 838734.51183731412, 
"nt_service_time": 3389.3030781614525, 
"wt_preprocess_time": 2980.4034620890038, 
"wt_service_time": 2980.4034620890038, 
"wt_postprocess_time": 838734.51183731412, 
"avg_q_len": 3.4359839211451906, 
"tps": 8017.6285714285714
}