{
"r_time": 2005416.5096916826, 
"quing_time": 496839.58588409185, 
"mc_wait_time": 1486147.1613800777, 
"nt_service_time": 4874.0604326866687, 
"wt_preprocess_time": 1856.3200394532455, 
"wt_service_time": 1856.3200394532455, 
"wt_postprocess_time": 1486147.1613800777, 
"avg_q_len": 9.8915877989850074, 
"tps": 13539.857142857143
}