{
"r_time": 2096820.3056901393, 
"quing_time": 541384.61643441755, 
"mc_wait_time": 1529584.0737279782, 
"nt_service_time": 4911.3488053624897, 
"wt_preprocess_time": 4132.7218738452966, 
"wt_service_time": 4132.7218738452966, 
"wt_postprocess_time": 1529584.0737279782, 
"avg_q_len": 9.3477489267303984, 
"tps": 13426.928571428571
}