{
"r_time": 872098.4061863852, 
"quing_time": 106090.72111691727, 
"mc_wait_time": 744760.41408910952, 
"nt_service_time": 2442.8650248090107, 
"wt_preprocess_time": 2396.3889115050551, 
"wt_service_time": 2396.3889115050551, 
"wt_postprocess_time": 744760.41408910952, 
"avg_q_len": 1.8966061702246744, 
"tps": 4849.5571428571429
}