{
"r_time": 1043592.6279576572, 
"quing_time": 179833.75934791949, 
"mc_wait_time": 845144.10850090091, 
"nt_service_time": 3238.3786980399414, 
"wt_preprocess_time": 2454.9826602066073, 
"wt_service_time": 2454.9826602066073, 
"wt_postprocess_time": 845144.10850090091, 
"avg_q_len": 3.5845160688063018, 
"tps": 7957.7428571428572
}