{
"r_time": 5247658.5699242502, 
"quing_time": 2724604.3739952031, 
"mc_wait_time": 2485206.2887610123, 
"nt_service_time": 5419.5226415506822, 
"wt_preprocess_time": 2819.9396296740533, 
"wt_service_time": 2819.9396296740533, 
"wt_postprocess_time": 2485206.2887610123, 
"avg_q_len": 44.524053848438825, 
"tps": 15341.471428571429
}