{
"r_time": 673898.96385132696, 
"quing_time": 41330.635583386458, 
"mc_wait_time": 618065.03946791915, 
"nt_service_time": 1329.345821799106, 
"wt_preprocess_time": 2838.3681827913824, 
"wt_service_time": 2838.3681827913824, 
"wt_postprocess_time": 618065.03946791915, 
"avg_q_len": 1.079984931624979, 
"tps": 3147.5571428571429
}