{
"r_time": 20846138.287943177, 
"quing_time": 19388648.184553035, 
"mc_wait_time": 1426272.5756543607, 
"nt_service_time": 3102.2873079217643, 
"wt_preprocess_time": 5239.9451286197782, 
"wt_service_time": 5239.9451286197782, 
"wt_postprocess_time": 1426272.5756543607, 
"avg_q_len": 203.96464739328448, 
"tps": 12120.342857142858
}