{
"r_time": 673205.13154958037, 
"quing_time": 42458.998708799234, 
"mc_wait_time": 615773.14733216912, 
"nt_service_time": 1311.344220798027, 
"wt_preprocess_time": 2899.9696812741095, 
"wt_service_time": 2899.9696812741095, 
"wt_postprocess_time": 615773.14733216912, 
"avg_q_len": 1.1343572334620053, 
"tps": 3130.8857142857141
}