{
"r_time": 672894.75139650109, 
"quing_time": 38759.608681624741, 
"mc_wait_time": 619057.14868465532, 
"nt_service_time": 1389.1877751194363, 
"wt_preprocess_time": 3271.1750750703382, 
"wt_service_time": 3271.1750750703382, 
"wt_postprocess_time": 619057.14868465532, 
"avg_q_len": 0.94966386592767105, 
"tps": 3147.1285714285714
}