{
"r_time": 656460.76689755195, 
"quing_time": 45943.729671443551, 
"mc_wait_time": 596143.19363252912, 
"nt_service_time": 1355.6809348132119, 
"wt_preprocess_time": 2786.4701933836427, 
"wt_service_time": 2786.4701933836427, 
"wt_postprocess_time": 596143.19363252912, 
"avg_q_len": 1.1963151998008217, 
"tps": 3213.1999999999998
}