{
"r_time": 670767.0302602856, 
"quing_time": 26136.902922225148, 
"mc_wait_time": 630905.90911456558, 
"nt_service_time": 1343.5400075729954, 
"wt_preprocess_time": 2622.5327964442749, 
"wt_service_time": 2622.5327964442749, 
"wt_postprocess_time": 630905.90911456558, 
"avg_q_len": 0.59175942444491381, 
"tps": 3179.0428571428574
}