{
"r_time": 1233722.2512168135, 
"quing_time": 329896.30650474364, 
"mc_wait_time": 880098.7757657537, 
"nt_service_time": 1694.0440392693072, 
"wt_preprocess_time": 2501.5110368514802, 
"wt_service_time": 2501.5110368514802, 
"wt_postprocess_time": 880098.7757657537, 
"avg_q_len": 3.1607583035219382, 
"tps": 7551.4428571428571
}