{
"r_time": 28539776.491947256, 
"quing_time": 27600918.430390421, 
"mc_wait_time": 913365.35407082376, 
"nt_service_time": 1641.612801998479, 
"wt_preprocess_time": 2589.4745813132295, 
"wt_service_time": 2589.4745813132295, 
"wt_postprocess_time": 913365.35407082376, 
"avg_q_len": 227.66292252893763, 
"tps": 9381.0142857142855
}