{
"r_time": 2659313.0620227195, 
"quing_time": 1753560.6406158232, 
"mc_wait_time": 884117.65430771816, 
"nt_service_time": 1577.8258051904781, 
"wt_preprocess_time": 3201.7744759271018, 
"wt_service_time": 3201.7744759271018, 
"wt_postprocess_time": 884117.65430771816, 
"avg_q_len": 14.757268908531014, 
"tps": 9301.3571428571431
}