{
"r_time": 8811112.5850286763, 
"quing_time": 7392851.2092246581, 
"mc_wait_time": 1390357.7700262021, 
"nt_service_time": 3610.2596092275098, 
"wt_preprocess_time": 2863.335370464546, 
"wt_service_time": 2863.335370464546, 
"wt_postprocess_time": 1390357.7700262021, 
"avg_q_len": 79.991877267051194, 
"tps": 12012.142857142859
}