{
"r_time": 29729145.748883635, 
"quing_time": 28760132.324006557, 
"mc_wait_time": 944091.4514669436, 
"nt_service_time": 1790.862900141419, 
"wt_preprocess_time": 2859.4343745747069, 
"wt_service_time": 2859.4343745747069, 
"wt_postprocess_time": 944091.4514669436, 
"avg_q_len": 230.08844796722374, 
"tps": 9121.585714285713
}