{
"r_time": 9221687.9268174283, 
"quing_time": 7781918.1700185165, 
"mc_wait_time": 1411940.9103980181, 
"nt_service_time": 3017.6380108360695, 
"wt_preprocess_time": 4321.6552962997148, 
"wt_service_time": 4321.6552962997148, 
"wt_postprocess_time": 1411940.9103980181, 
"avg_q_len": 82.909641074503284, 
"tps": 11814.628571428571
}