{
"r_time": 1292851.793161005, 
"quing_time": 321132.00171645742, 
"mc_wait_time": 952288.95527266851, 
"nt_service_time": 2840.1500313197112, 
"wt_preprocess_time": 3577.2204512695384, 
"wt_service_time": 3577.2204512695384, 
"wt_postprocess_time": 952288.95527266851, 
"avg_q_len": 5.4681238766534417, 
"tps": 12073.299999999999
}