{
"r_time": 1062232.76788142, 
"quing_time": 175754.02634080389, 
"mc_wait_time": 864235.05831923615, 
"nt_service_time": 3517.0652082772922, 
"wt_preprocess_time": 4149.5383293792584, 
"wt_service_time": 4149.5383293792584, 
"wt_postprocess_time": 864235.05831923615, 
"avg_q_len": 3.2666981826607224, 
"tps": 7645.3999999999996
}