{
"r_time": 836565.36923674494, 
"quing_time": 97748.319294611691, 
"mc_wait_time": 719486.27949857595, 
"nt_service_time": 2193.5120753006486, 
"wt_preprocess_time": 2308.4208473603544, 
"wt_service_time": 2308.4208473603544, 
"wt_postprocess_time": 719486.27949857595, 
"avg_q_len": 2.0375035664547041, 
"tps": 5057.0428571428565
}