{
"r_time": 640726.36083416757, 
"quing_time": 33665.367955038026, 
"mc_wait_time": 593107.38868170045, 
"nt_service_time": 1358.677556314507, 
"wt_preprocess_time": 2393.1552662887434, 
"wt_service_time": 2393.1552662887434, 
"wt_postprocess_time": 593107.38868170045, 
"avg_q_len": 0.90750602893890675, 
"tps": 3412.1142857142859
}