{
"r_time": 2026230.5707790777, 
"quing_time": 420285.79454821721, 
"mc_wait_time": 1585425.7282088867, 
"nt_service_time": 5378.6897861927882, 
"wt_preprocess_time": 2624.5050947415766, 
"wt_service_time": 2624.5050947415766, 
"wt_postprocess_time": 1585425.7282088867, 
"avg_q_len": 9.7391630418479078, 
"tps": 13810.214285714286
}