{
"r_time": 922191.20390967489, 
"quing_time": 180798.4674065724, 
"mc_wait_time": 722798.95773440762, 
"nt_service_time": 2390.5512660135082, 
"wt_preprocess_time": 1964.8817684946516, 
"wt_service_time": 1964.8817684946516, 
"wt_postprocess_time": 722798.95773440762, 
"avg_q_len": 3.6647827317695714, 
"tps": 8932.6714285714279
}