{
"r_time": 767613.61984515097, 
"quing_time": 89465.415160780307, 
"mc_wait_time": 661059.21993960161, 
"nt_service_time": 1581.360785235883, 
"wt_preprocess_time": 2940.489587222668, 
"wt_service_time": 2940.489587222668, 
"wt_postprocess_time": 661059.21993960161, 
"avg_q_len": 2.1705207663623507, 
"tps": 5555.0
}