{
"r_time": 688094.46101800748, 
"quing_time": 42004.793878425902, 
"mc_wait_time": 632067.20573901036, 
"nt_service_time": 1339.0621708140698, 
"wt_preprocess_time": 2410.328824399905, 
"wt_service_time": 2410.328824399905, 
"wt_postprocess_time": 632067.20573901036, 
"avg_q_len": 1.0503673199386947, 
"tps": 3066.6142857142859
}