{
"r_time": 9233995.0187972002, 
"quing_time": 7797148.5534828473, 
"mc_wait_time": 1407146.46407991, 
"nt_service_time": 3623.2600860261164, 
"wt_preprocess_time": 5242.7323626816269, 
"wt_service_time": 5242.7323626816269, 
"wt_postprocess_time": 1407146.46407991, 
"avg_q_len": 82.963241612426955, 
"tps": 12036.514285714286
}