{
"r_time": 795390.12783974363, 
"quing_time": 96326.392958429875, 
"mc_wait_time": 681525.77882178943, 
"nt_service_time": 2157.2146358799378, 
"wt_preprocess_time": 2185.4530256744983, 
"wt_service_time": 2185.4530256744983, 
"wt_postprocess_time": 681525.77882178943, 
"avg_q_len": 2.1574535568645219, 
"tps": 5233.7428571428572
}