{
"r_time": 886471.08459641482, 
"quing_time": 88101.485594840051, 
"mc_wait_time": 777245.5730866713, 
"nt_service_time": 2665.6039125881957, 
"wt_preprocess_time": 3997.217832000807, 
"wt_service_time": 3997.217832000807, 
"wt_postprocess_time": 777245.5730866713, 
"avg_q_len": 1.81466692725168, 
"tps": 4751.2142857142862
}