{
"r_time": 682238.9355667436, 
"quing_time": 41510.237528893995, 
"mc_wait_time": 627012.64951873641, 
"nt_service_time": 1333.2702185045659, 
"wt_preprocess_time": 2228.2467583241128, 
"wt_service_time": 2228.2467583241128, 
"wt_postprocess_time": 627012.64951873641, 
"avg_q_len": 1.03649931843911, 
"tps": 3091.6428571428569
}