{
"r_time": 3171357.6320025972, 
"quing_time": 933541.60360139085, 
"mc_wait_time": 2212312.82904022, 
"nt_service_time": 6041.4723141570676, 
"wt_preprocess_time": 3695.8371066668592, 
"wt_service_time": 3695.8371066668592, 
"wt_postprocess_time": 2212312.82904022, 
"avg_q_len": 18.178240520809187, 
"tps": 15035.942857142858
}