{
"r_time": 720505.03338551498, 
"quing_time": 93831.95163318394, 
"mc_wait_time": 610487.58108871849, 
"nt_service_time": 1928.4427347384212, 
"wt_preprocess_time": 2109.6430649028189, 
"wt_service_time": 2109.6430649028189, 
"wt_postprocess_time": 610487.58108871849, 
"avg_q_len": 2.3922724670864337, 
"tps": 5740.1428571428569
}