{
"r_time": 3831021.4156680093, 
"quing_time": 1981431.9522645259, 
"mc_wait_time": 1820080.3833187767, 
"nt_service_time": 5812.0475692264026, 
"wt_preprocess_time": 2178.0274238704396, 
"wt_service_time": 2178.0274238704396, 
"wt_postprocess_time": 1820080.3833187767, 
"avg_q_len": 28.683224338954499, 
"tps": 13873.585714285715
}