{
"r_time": 28543707.636427194, 
"quing_time": 27622196.981716596, 
"mc_wait_time": 897872.62020080083, 
"nt_service_time": 1455.1501774427168, 
"wt_preprocess_time": 3806.3640153656402, 
"wt_service_time": 3806.3640153656402, 
"wt_postprocess_time": 897872.62020080083, 
"avg_q_len": 229.20610320195965, 
"tps": 9453.585714285713
}