{
"r_time": 1440768.1178373881, 
"quing_time": 307887.62515882065, 
"mc_wait_time": 1112926.5440181876, 
"nt_service_time": 3977.85757420553, 
"wt_preprocess_time": 1845.1234177261117, 
"wt_service_time": 1845.1234177261117, 
"wt_postprocess_time": 1112926.5440181876, 
"avg_q_len": 6.0516726218217594, 
"tps": 11034.857142857143
}