{
"r_time": 8652341.182165252, 
"quing_time": 7187583.9997492749, 
"mc_wait_time": 1436585.0149624948, 
"nt_service_time": 4656.4805672021175, 
"wt_preprocess_time": 2697.7506223330711, 
"wt_service_time": 2697.7506223330711, 
"wt_postprocess_time": 1436585.0149624948, 
"avg_q_len": 76.797447284155666, 
"tps": 11809.271428571428
}