{
"r_time": 887384.98782477516, 
"quing_time": 91017.125284747701, 
"mc_wait_time": 774365.6142046384, 
"nt_service_time": 2469.0175572023427, 
"wt_preprocess_time": 4099.3365568383015, 
"wt_service_time": 4099.3365568383015, 
"wt_postprocess_time": 774365.6142046384, 
"avg_q_len": 1.7998522676909441, 
"tps": 4835.0
}