{
"r_time": 7432780.3871957045, 
"quing_time": 5399265.2290920466, 
"mc_wait_time": 2002042.1134777605, 
"nt_service_time": 5987.723552689833, 
"wt_preprocess_time": 2287.486733444508, 
"wt_service_time": 2287.486733444508, 
"wt_postprocess_time": 2002042.1134777605, 
"avg_q_len": 72.043050299865158, 
"tps": 14123.014285714286
}