{
"r_time": 9140754.850733513, 
"quing_time": 7698938.1278302874, 
"mc_wait_time": 1415423.668863981, 
"nt_service_time": 3428.4122871419227, 
"wt_preprocess_time": 2611.2569273463009, 
"wt_service_time": 2611.2569273463009, 
"wt_postprocess_time": 1415423.668863981, 
"avg_q_len": 81.850098181857632, 
"tps": 11851.185714285715
}