{
"r_time": 4910748.2576209959, 
"quing_time": 2412280.9925872386, 
"mc_wait_time": 2467994.6685078805, 
"nt_service_time": 6011.6581253767126, 
"wt_preprocess_time": 3090.5229250677644, 
"wt_service_time": 3090.5229250677644, 
"wt_postprocess_time": 2467994.6685078805, 
"avg_q_len": 39.748510273465278, 
"tps": 15429.485714285714
}