{
"r_time": 1100747.8961465335, 
"quing_time": 182744.91148556682, 
"mc_wait_time": 896623.76721075014, 
"nt_service_time": 3148.0781874671893, 
"wt_preprocess_time": 2337.5665385077964, 
"wt_service_time": 2337.5665385077964, 
"wt_postprocess_time": 896623.76721075014, 
"avg_q_len": 3.3505190608287814, 
"tps": 7492.9285714285716
}