{
"r_time": 827441.63321265788, 
"quing_time": 101941.13391088069, 
"mc_wait_time": 707505.99258148123, 
"nt_service_time": 2496.1212550127066, 
"wt_preprocess_time": 2039.0511931025708, 
"wt_service_time": 2039.0511931025708, 
"wt_postprocess_time": 707505.99258148123, 
"avg_q_len": 2.1898328519289763, 
"tps": 5104.1142857142859
}