{
"r_time": 30364033.68212533, 
"quing_time": 29391497.149012577, 
"mc_wait_time": 947851.76346373931, 
"nt_service_time": 1684.4976569804214, 
"wt_preprocess_time": 3436.577142243174, 
"wt_service_time": 3436.577142243174, 
"wt_postprocess_time": 947851.76346373931, 
"avg_q_len": 232.11379784266839, 
"tps": 9188.6000000000004
}