{
"r_time": 5231045.2262316002, 
"quing_time": 2696952.7831517593, 
"mc_wait_time": 2501136.678330713, 
"nt_service_time": 5604.8838347143846, 
"wt_preprocess_time": 5237.0732174368995, 
"wt_service_time": 5237.0732174368995, 
"wt_postprocess_time": 2501136.678330713, 
"avg_q_len": 47.348434992753532, 
"tps": 16185.228571428572
}