{
"r_time": 6903479.5762592442, 
"quing_time": 5900831.8519898346, 
"mc_wait_time": 977616.73037643707, 
"nt_service_time": 1617.4407201583695, 
"wt_preprocess_time": 2697.7605058365698, 
"wt_service_time": 2697.7605058365698, 
"wt_postprocess_time": 977616.73037643707, 
"avg_q_len": 45.428880104794757, 
"tps": 8680.9142857142851
}