{
"r_time": 1389010.7824070016, 
"quing_time": 267666.76980791159, 
"mc_wait_time": 1100246.3580704988, 
"nt_service_time": 3823.1889448345773, 
"wt_preprocess_time": 3990.7896982412963, 
"wt_service_time": 3990.7896982412963, 
"wt_postprocess_time": 1100246.3580704988, 
"avg_q_len": 5.797313183247641, 
"tps": 11447.428571428571
}