{
"r_time": 18971379.444124669, 
"quing_time": 17571038.475895271, 
"mc_wait_time": 1371184.6883037775, 
"nt_service_time": 3859.2561516804403, 
"wt_preprocess_time": 4414.1075466116572, 
"wt_service_time": 4414.1075466116572, 
"wt_postprocess_time": 1371184.6883037775, 
"avg_q_len": 190.47836357346955, 
"tps": 12059.028571428571
}