{
"r_time": 661918.67563286948, 
"quing_time": 34349.157775581909, 
"mc_wait_time": 614507.13837360078, 
"nt_service_time": 1312.3985507162993, 
"wt_preprocess_time": 1563.3298720056082, 
"wt_service_time": 1563.3298720056082, 
"wt_postprocess_time": 614507.13837360078, 
"avg_q_len": 0.89904145400224078, 
"tps": 3098.4428571428571
}