{
"r_time": 1033233.38611304, 
"quing_time": 178579.96326542931, 
"mc_wait_time": 834491.21040526312, 
"nt_service_time": 3440.6358288852944, 
"wt_preprocess_time": 2131.9526892726667, 
"wt_service_time": 2131.9526892726667, 
"wt_postprocess_time": 834491.21040526312, 
"avg_q_len": 3.4248633537482416, 
"tps": 7982.028571428571
}