{
"r_time": 1142698.6510243944, 
"quing_time": 210066.83537192261, 
"mc_wait_time": 910424.42516171595, 
"nt_service_time": 2536.3042040042269, 
"wt_preprocess_time": 2539.0722921179104, 
"wt_service_time": 2539.0722921179104, 
"wt_postprocess_time": 910424.42516171595, 
"avg_q_len": 3.6216582371616073, 
"tps": 7708.1857142857152
}