{
"r_time": 22060622.17992061, 
"quing_time": 20427461.117947906, 
"mc_wait_time": 1599302.6091893546, 
"nt_service_time": 3828.2661197241005, 
"wt_preprocess_time": 2941.1970209054457, 
"wt_service_time": 2941.1970209054457, 
"wt_postprocess_time": 1599302.6091893546, 
"avg_q_len": 194.19392288124246, 
"tps": 10670.0
}