{
"r_time": 818662.85449185991, 
"quing_time": 106492.96915159556, 
"mc_wait_time": 693601.53312368249, 
"nt_service_time": 1894.1426940248543, 
"wt_preprocess_time": 2563.9442202937162, 
"wt_service_time": 2563.9442202937162, 
"wt_postprocess_time": 693601.53312368249, 
"avg_q_len": 2.1988214061089995, 
"tps": 5224.1428571428569
}