{
"r_time": 937583.67954015057, 
"quing_time": 189801.47212188269, 
"mc_wait_time": 729708.67218220222, 
"nt_service_time": 2343.2939582990412, 
"wt_preprocess_time": 2251.0051743362314, 
"wt_service_time": 2251.0051743362314, 
"wt_postprocess_time": 729708.67218220222, 
"avg_q_len": 3.7139638932366341, 
"tps": 8643.4142857142851
}