{
"r_time": 676280.35379343515, 
"quing_time": 34714.197550988552, 
"mc_wait_time": 627501.62624992372, 
"nt_service_time": 1355.3954183598671, 
"wt_preprocess_time": 2749.6000488741074, 
"wt_service_time": 2749.6000488741074, 
"wt_postprocess_time": 627501.62624992372, 
"avg_q_len": 0.80039802162493912, 
"tps": 3165.6571428571424
}