{
"r_time": 8272931.7880152091, 
"quing_time": 6271233.9760035994, 
"mc_wait_time": 1970312.0216260762, 
"nt_service_time": 5474.7805929466667, 
"wt_preprocess_time": 3781.9120072208916, 
"wt_service_time": 3781.9120072208916, 
"wt_postprocess_time": 1970312.0216260762, 
"avg_q_len": 89.396880668672281, 
"tps": 15380.585714285713
}