{
"r_time": 13597606.662697453, 
"quing_time": 12660129.38148972, 
"mc_wait_time": 913076.23166526528, 
"nt_service_time": 1546.9158384171642, 
"wt_preprocess_time": 2600.9350494300588, 
"wt_service_time": 2600.9350494300588, 
"wt_postprocess_time": 913076.23166526528, 
"avg_q_len": 104.2320488655769, 
"tps": 9352.7714285714283
}