{
"r_time": 1294725.0990033406, 
"quing_time": 286893.66109265795, 
"mc_wait_time": 987714.78104014008, 
"nt_service_time": 2978.8315022131251, 
"wt_preprocess_time": 1837.7489734530088, 
"wt_service_time": 1837.7489734530088, 
"wt_postprocess_time": 987714.78104014008, 
"avg_q_len": 6.0501406137049729, 
"tps": 11896.82857142857
}