{
"r_time": 1323744.8343170281, 
"quing_time": 264089.59288007393, 
"mc_wait_time": 1038827.1933742458, 
"nt_service_time": 3551.0776204186427, 
"wt_preprocess_time": 3589.3628591552479, 
"wt_service_time": 3589.3628591552479, 
"wt_postprocess_time": 1038827.1933742458, 
"avg_q_len": 5.47324446518091, 
"tps": 11267.628571428571
}