{
"r_time": 2033547.6350424495, 
"quing_time": 485660.86759683432, 
"mc_wait_time": 1524184.171240123, 
"nt_service_time": 5187.8184204735353, 
"wt_preprocess_time": 3390.3026720492508, 
"wt_service_time": 3390.3026720492508, 
"wt_postprocess_time": 1524184.171240123, 
"avg_q_len": 9.4418471671712361, 
"tps": 13915.67142857143
}