{
"r_time": 16096038.598548258, 
"quing_time": 12982051.400934778, 
"mc_wait_time": 3089610.729809626, 
"nt_service_time": 1372.4582531264473, 
"wt_preprocess_time": 3822.7850223765467, 
"wt_service_time": 3822.7850223765467, 
"wt_postprocess_time": 3089610.729809626, 
"avg_q_len": 65.174958117852725, 
"tps": 5687.7285714285717
}