{
"r_time": 12038664.206136281, 
"quing_time": 8989339.4649682529, 
"mc_wait_time": 3026251.3809621381, 
"nt_service_time": 1536.2813407122642, 
"wt_preprocess_time": 3553.5588372613201, 
"wt_service_time": 3553.5588372613201, 
"wt_postprocess_time": 3026251.3809621381, 
"avg_q_len": 46.50723023957859, 
"tps": 5863.2714285714283
}