{
"r_time": 15289785.203917325, 
"quing_time": 12893558.233236352, 
"mc_wait_time": 2379631.7043299018, 
"nt_service_time": 1267.3217809334215, 
"wt_preprocess_time": 3987.4269475833162, 
"wt_service_time": 3987.4269475833162, 
"wt_postprocess_time": 2379631.7043299018, 
"avg_q_len": 42.075378907273574, 
"tps": 3761.7571428571428
}