{
"r_time": 5823439.8683268111, 
"quing_time": 427798.32556490577, 
"mc_wait_time": 5371857.3220359655, 
"nt_service_time": 5910.4730623321748, 
"wt_preprocess_time": 2424.5387474790814, 
"wt_service_time": 2424.5387474790814, 
"wt_postprocess_time": 5371857.3220359655, 
"avg_q_len": 7.3799084196749529, 
"tps": 8099.0571428571429
}