{
"r_time": 6544341.1502431091, 
"quing_time": 450040.48849594069, 
"mc_wait_time": 6069090.1607542206, 
"nt_service_time": 4410.1264341260048, 
"wt_preprocess_time": 2583.5544519380114, 
"wt_service_time": 2583.5544519380114, 
"wt_postprocess_time": 6069090.1607542206, 
"avg_q_len": 7.0793657632041418, 
"tps": 7958.2714285714283
}