{
"r_time": 1943034.6384267199, 
"quing_time": 21094.988502597647, 
"mc_wait_time": 1907915.3799033449, 
"nt_service_time": 1416.1817833271866, 
"wt_preprocess_time": 4848.3558177062168, 
"wt_service_time": 4848.3558177062168, 
"wt_postprocess_time": 1907915.3799033449, 
"avg_q_len": 0.28393598785103713, 
"tps": 1241.7285714285713
}