{
"r_time": 15368184.986216709, 
"quing_time": 12569351.355577769, 
"mc_wait_time": 2775396.3494930286, 
"nt_service_time": 1263.3476612362188, 
"wt_preprocess_time": 2966.5900468064719, 
"wt_service_time": 2966.5900468064719, 
"wt_postprocess_time": 2775396.3494930286, 
"avg_q_len": 70.460797324857822, 
"tps": 6297.1285714285714
}