{
"r_time": 1926954.221924141, 
"quing_time": 17818.120767623514, 
"mc_wait_time": 1894063.8041763762, 
"nt_service_time": 1266.9733281351234, 
"wt_preprocess_time": 4449.6662450914919, 
"wt_service_time": 4449.6662450914919, 
"wt_postprocess_time": 1894063.8041763762, 
"avg_q_len": 0.17284437138289008, 
"tps": 1268.7714285714287
}