{
"r_time": 3902128.6717326236, 
"quing_time": 192685.54044282195, 
"mc_wait_time": 3681399.6251893016, 
"nt_service_time": 3278.3797549928877, 
"wt_preprocess_time": 5174.321173800392, 
"wt_service_time": 5174.321173800392, 
"wt_postprocess_time": 3681399.6251893016, 
"avg_q_len": 2.3815167912050157, 
"tps": 3492.9000000000001
}