{
"r_time": 10354387.702201296, 
"quing_time": 6766969.9412878919, 
"mc_wait_time": 3560213.1735362378, 
"nt_service_time": 1418.9386453529091, 
"wt_preprocess_time": 5416.071149138832, 
"wt_service_time": 5416.071149138832, 
"wt_postprocess_time": 3560213.1735362378, 
"avg_q_len": 29.546742947773875, 
"tps": 5044.0
}