{
"r_time": 8448323.7833960652, 
"quing_time": 3632671.6793153482, 
"mc_wait_time": 4785437.8630515542, 
"nt_service_time": 1837.0007665226299, 
"wt_preprocess_time": 5341.4823151577821, 
"wt_service_time": 5341.4823151577821, 
"wt_postprocess_time": 4785437.8630515542, 
"avg_q_len": 22.05765900868866, 
"tps": 7392.2285714285717
}