{
"r_time": 25034036.380712055, 
"quing_time": 22870540.803855158, 
"mc_wait_time": 2146339.8994187973, 
"nt_service_time": 1563.8074134007431, 
"wt_preprocess_time": 3231.9585763475757, 
"wt_service_time": 3231.9585763475757, 
"wt_postprocess_time": 2146339.8994187973, 
"avg_q_len": 83.484569688688836, 
"tps": 4119.4428571428562
}