{
"r_time": 2261752.3862377061, 
"quing_time": 19080.353169019632, 
"mc_wait_time": 2225890.374610642, 
"nt_service_time": 1451.70388406037, 
"wt_preprocess_time": 3825.9567645951311, 
"wt_service_time": 3825.9567645951311, 
"wt_postprocess_time": 2225890.374610642, 
"avg_q_len": 0.17712702604733055, 
"tps": 1103.4857142857145
}