{
"r_time": 12667130.530312529, 
"quing_time": 7529194.186062417, 
"mc_wait_time": 5108512.5855850633, 
"nt_service_time": 2340.4757636918766, 
"wt_preprocess_time": 4709.4361282042646, 
"wt_service_time": 4709.4361282042646, 
"wt_postprocess_time": 5108512.5855850633, 
"avg_q_len": 44.362603690883397, 
"tps": 6974.7142857142862
}