{
"r_time": 12856533.171515768, 
"quing_time": 10816602.000053449, 
"mc_wait_time": 2025495.8411878247, 
"nt_service_time": 1209.4697755457853, 
"wt_preprocess_time": 3179.001929074459, 
"wt_service_time": 3179.001929074459, 
"wt_postprocess_time": 2025495.8411878247, 
"avg_q_len": 41.877770513451232, 
"tps": 4413.8285714285712
}