{
"r_time": 10145837.879552485, 
"quing_time": 5650376.8502488565, 
"mc_wait_time": 4469915.4124917518, 
"nt_service_time": 1793.3070293180265, 
"wt_preprocess_time": 4183.9429757551297, 
"wt_service_time": 4183.9429757551297, 
"wt_postprocess_time": 4469915.4124917518, 
"avg_q_len": 38.141373970387541, 
"tps": 7924.2714285714292
}