{
"r_time": 9337220.0527027361, 
"quing_time": 4007521.3309403923, 
"mc_wait_time": 5299284.0928356759, 
"nt_service_time": 1686.3321877104361, 
"wt_preprocess_time": 4058.507297254926, 
"wt_service_time": 4058.507297254926, 
"wt_postprocess_time": 5299284.0928356759, 
"avg_q_len": 22.612244681280274, 
"tps": 6727.5857142857149
}