{
"r_time": 2277769.6357086962, 
"quing_time": 24076.993585481912, 
"mc_wait_time": 2237395.4039271376, 
"nt_service_time": 1515.3241929002118, 
"wt_preprocess_time": 2914.0140562453985, 
"wt_service_time": 2914.0140562453985, 
"wt_postprocess_time": 2237395.4039271376, 
"avg_q_len": 0.27327761287298857, 
"tps": 1097.3142857142857
}