{
"r_time": 2244224.2855969365, 
"quing_time": 21363.11792800446, 
"mc_wait_time": 2205672.4460672988, 
"nt_service_time": 1570.5825448690332, 
"wt_preprocess_time": 3815.3703342582799, 
"wt_service_time": 3815.3703342582799, 
"wt_postprocess_time": 2205672.4460672988, 
"avg_q_len": 0.26849248231321343, 
"tps": 1112.6142857142856
}