{
"r_time": 3165916.4698742544, 
"quing_time": 167849.94354770324, 
"mc_wait_time": 2974475.8093948858, 
"nt_service_time": 2501.8761661117887, 
"wt_preprocess_time": 4180.5060266802166, 
"wt_service_time": 4180.5060266802166, 
"wt_postprocess_time": 2974475.8093948858, 
"avg_q_len": 2.074313211713716, 
"tps": 4334.3571428571431
}