{
"r_time": 3229933.6268326268, 
"quing_time": 138941.44092061193, 
"mc_wait_time": 3068649.6825079471, 
"nt_service_time": 2441.6021894237856, 
"wt_preprocess_time": 3954.0598326258096, 
"wt_service_time": 3954.0598326258096, 
"wt_postprocess_time": 3068649.6825079471, 
"avg_q_len": 2.5091235309360354, 
"tps": 4355.3000000000011
}