{
"r_time": 2252570.6160563724, 
"quing_time": 21175.346948016995, 
"mc_wait_time": 2215159.3195311017, 
"nt_service_time": 1579.0791925156277, 
"wt_preprocess_time": 2785.5110883232887, 
"wt_service_time": 2785.5110883232887, 
"wt_postprocess_time": 2215159.3195311017, 
"avg_q_len": 0.25649111470113084, 
"tps": 1105.3571428571427
}