{
"r_time": 9503388.0820214972, 
"quing_time": 6168652.8113607448, 
"mc_wait_time": 3306264.3771432773, 
"nt_service_time": 1569.441004152397, 
"wt_preprocess_time": 5504.8541077979517, 
"wt_service_time": 5504.8541077979517, 
"wt_postprocess_time": 3306264.3771432773, 
"avg_q_len": 29.151920039565418, 
"tps": 5372.6571428571424
}