{
"r_time": 4814627.0323053859, 
"quing_time": 298372.99957221089, 
"mc_wait_time": 4490967.7566984165, 
"nt_service_time": 2839.518326163522, 
"wt_preprocess_time": 3407.1815846997492, 
"wt_service_time": 3407.1815846997492, 
"wt_postprocess_time": 4490967.7566984165, 
"avg_q_len": 3.9685100868678598, 
"tps": 5688.442857142858
}