{
"r_time": 21145931.878656812, 
"quing_time": 17329605.232051827, 
"mc_wait_time": 3783826.5141449431, 
"nt_service_time": 1631.6923620912069, 
"wt_preprocess_time": 6623.4437565855169, 
"wt_service_time": 6623.4437565855169, 
"wt_postprocess_time": 3783826.5141449431, 
"avg_q_len": 71.205320267498124, 
"tps": 4714.5857142857149
}