{
"r_time": 26273331.433674291, 
"quing_time": 23860716.591734894, 
"mc_wait_time": 2395811.8410304748, 
"nt_service_time": 1290.2340847651742, 
"wt_preprocess_time": 4144.4310761997303, 
"wt_service_time": 4144.4310761997303, 
"wt_postprocess_time": 2395811.8410304748, 
"avg_q_len": 77.973305571127312, 
"tps": 3746.0999999999999
}