{
"r_time": 14598031.84037187, 
"quing_time": 10970338.554369858, 
"mc_wait_time": 3596564.6806510412, 
"nt_service_time": 1466.3314653416019, 
"wt_preprocess_time": 6710.5042004431562, 
"wt_service_time": 6710.5042004431562, 
"wt_postprocess_time": 3596564.6806510412, 
"avg_q_len": 47.305904143812995, 
"tps": 4974.7142857142853
}