{
"r_time": 3717814.9373576543, 
"quing_time": 1684739.3460257095, 
"mc_wait_time": 2018304.7243131702, 
"nt_service_time": 1174.1785442194241, 
"wt_preprocess_time": 3226.6149561053749, 
"wt_service_time": 3226.6149561053749, 
"wt_postprocess_time": 2018304.7243131702, 
"avg_q_len": 6.2999993485002479, 
"tps": 4385.4857142857145
}