{
"r_time": 1906871.6140130635, 
"quing_time": 19466.680075231896, 
"mc_wait_time": 1874165.1363680961, 
"nt_service_time": 1261.5388522712881, 
"wt_preprocess_time": 2375.4452879563032, 
"wt_service_time": 2375.4452879563032, 
"wt_postprocess_time": 1874165.1363680961, 
"avg_q_len": 0.41009850842843915, 
"tps": 1280.5285714285715
}