{
"r_time": 9701615.5698732976, 
"quing_time": 6285581.0632080305, 
"mc_wait_time": 3389675.986274166, 
"nt_service_time": 1394.5361532215493, 
"wt_preprocess_time": 3710.8561851961749, 
"wt_service_time": 3710.8561851961749, 
"wt_postprocess_time": 3389675.986274166, 
"avg_q_len": 29.107852243498144, 
"tps": 5198.5142857142855
}