{
"r_time": 6422765.4370978475, 
"quing_time": 1338782.7281507957, 
"mc_wait_time": 5055458.2852061857, 
"nt_service_time": 2852.69483087141, 
"wt_preprocess_time": 4494.5449080668277, 
"wt_service_time": 4494.5449080668277, 
"wt_postprocess_time": 5055458.2852061857, 
"avg_q_len": 7.9469549488952271, 
"tps": 6626.4428571428571
}