{
"r_time": 11511244.872868244, 
"quing_time": 6693466.6091415286, 
"mc_wait_time": 4791155.7505829744, 
"nt_service_time": 2479.0741045448731, 
"wt_preprocess_time": 4125.773191519721, 
"wt_service_time": 4125.773191519721, 
"wt_postprocess_time": 4791155.7505829744, 
"avg_q_len": 42.597400756867735, 
"tps": 7459.3142857142857
}