{
"r_time": 4559741.0983427223, 
"quing_time": 280325.82647989568, 
"mc_wait_time": 4251863.3233431373, 
"nt_service_time": 4670.6243389180499, 
"wt_preprocess_time": 4280.80750060635, 
"wt_service_time": 4280.80750060635, 
"wt_postprocess_time": 4251863.3233431373, 
"avg_q_len": 3.4212091469043102, 
"tps": 5865.528571428571
}