{
"r_time": 8020764.836700486, 
"quing_time": 3444989.3615378784, 
"mc_wait_time": 4550419.5709756576, 
"nt_service_time": 1747.0818779801161, 
"wt_preprocess_time": 3181.4872923257535, 
"wt_service_time": 3181.4872923257535, 
"wt_postprocess_time": 4550419.5709756576, 
"avg_q_len": 21.559623298629973, 
"tps": 7678.6857142857134
}