{
"r_time": 1932231.2497748043, 
"quing_time": 20740.554543911065, 
"mc_wait_time": 1898677.1636750214, 
"nt_service_time": 1310.4516538347298, 
"wt_preprocess_time": 3868.0146567199727, 
"wt_service_time": 3868.0146567199727, 
"wt_postprocess_time": 1898677.1636750214, 
"avg_q_len": 0.37319625230811315, 
"tps": 1253.3428571428572
}