{
"r_time": 1944507.7073700221, 
"quing_time": 14312.75270139902, 
"mc_wait_time": 1916129.8488917737, 
"nt_service_time": 1271.3818415363162, 
"wt_preprocess_time": 3314.7716225939953, 
"wt_service_time": 3314.7716225939953, 
"wt_postprocess_time": 1916129.8488917737, 
"avg_q_len": 0.12101016786680209, 
"tps": 1251.8428571428572
}