{
"r_time": 4133091.9510519975, 
"quing_time": 236650.43934580311, 
"mc_wait_time": 3873164.2412023977, 
"nt_service_time": 4328.5863800681982, 
"wt_preprocess_time": 2882.5554786973262, 
"wt_service_time": 2882.5554786973262, 
"wt_postprocess_time": 3873164.2412023977, 
"avg_q_len": 3.8978744909318137, 
"tps": 6275.471428571429
}