{
"r_time": 6589901.3097130526, 
"quing_time": 1356217.9861089198, 
"mc_wait_time": 5207142.3827130562, 
"nt_service_time": 3252.4574390755747, 
"wt_preprocess_time": 3726.4627413526187, 
"wt_service_time": 3726.4627413526187, 
"wt_postprocess_time": 5207142.3827130562, 
"avg_q_len": 7.772537031131443, 
"tps": 6495.5
}