{
"r_time": 2246041.3991359551, 
"quing_time": 20726.364032552538, 
"mc_wait_time": 2208711.8337401394, 
"nt_service_time": 1547.8687082261326, 
"wt_preprocess_time": 3447.0644071922088, 
"wt_service_time": 3447.0644071922088, 
"wt_postprocess_time": 2208711.8337401394, 
"avg_q_len": 0.23414967918511728, 
"tps": 1106.5571428571429
}