{
"r_time": 20958731.71777346, 
"quing_time": 18529084.246479347, 
"mc_wait_time": 2412874.0937077841, 
"nt_service_time": 1366.7454047155245, 
"wt_preprocess_time": 3570.4730075115767, 
"wt_service_time": 3570.4730075115767, 
"wt_postprocess_time": 2412874.0937077841, 
"avg_q_len": 60.069739633558342, 
"tps": 3703.5714285714284
}