{
"r_time": 2276584.1019393373, 
"quing_time": 20640.228210526948, 
"mc_wait_time": 2237388.2591936076, 
"nt_service_time": 1586.5297176114084, 
"wt_preprocess_time": 5105.9757058506066, 
"wt_service_time": 5105.9757058506066, 
"wt_postprocess_time": 2237388.2591936076, 
"avg_q_len": 0.27390886168083389, 
"tps": 1099.1142857142856
}