{
"r_time": 13272563.805869773, 
"quing_time": 11181063.0273441, 
"mc_wait_time": 2077469.9005074752, 
"nt_service_time": 1354.7806631009498, 
"wt_preprocess_time": 2399.0135557839048, 
"wt_service_time": 2399.0135557839048, 
"wt_postprocess_time": 2077469.9005074752, 
"avg_q_len": 41.829184839322508, 
"tps": 4271.2000000000007
}