{
"r_time": 2270947.9588487241, 
"quing_time": 26277.363465198807, 
"mc_wait_time": 2228856.4914976982, 
"nt_service_time": 1521.0260138650888, 
"wt_preprocess_time": 4728.7693858621815, 
"wt_service_time": 4728.7693858621815, 
"wt_postprocess_time": 2228856.4914976982, 
"avg_q_len": 0.50329442894381782, 
"tps": 1090.5857142857142
}