{
"r_time": 3071122.0741215674, 
"quing_time": 157729.85886761383, 
"mc_wait_time": 2891560.0418184721, 
"nt_service_time": 1952.4468487271836, 
"wt_preprocess_time": 3947.3707050401467, 
"wt_service_time": 3947.3707050401467, 
"wt_postprocess_time": 2891560.0418184721, 
"avg_q_len": 2.4488718941389269, 
"tps": 4501.8571428571431
}