{
"r_time": 5386092.8801805237, 
"quing_time": 332995.82136671693, 
"mc_wait_time": 5028035.028991254, 
"nt_service_time": 4058.5107691911712, 
"wt_preprocess_time": 2790.5418038233202, 
"wt_service_time": 2790.5418038233202, 
"wt_postprocess_time": 5028035.028991254, 
"avg_q_len": 5.4552959887470731, 
"tps": 7149.8857142857141
}