{
"r_time": 3287757.5744752372, 
"quing_time": 152354.00383521148, 
"mc_wait_time": 3112840.2700023782, 
"nt_service_time": 2051.7962828979398, 
"wt_preprocess_time": 3271.356420562458, 
"wt_service_time": 3271.356420562458, 
"wt_postprocess_time": 3112840.2700023782, 
"avg_q_len": 2.4967157849675257, 
"tps": 4271.5142857142855
}