{
"r_time": 10708351.660225384, 
"quing_time": 5918289.9135784321, 
"mc_wait_time": 4755836.1764869113, 
"nt_service_time": 2714.736509361308, 
"wt_preprocess_time": 7023.4755049744072, 
"wt_service_time": 7023.4755049744072, 
"wt_postprocess_time": 4755836.1764869113, 
"avg_q_len": 37.423393161343789, 
"tps": 7446.7428571428572
}