{
"r_time": 20582401.13646207, 
"quing_time": 18196325.676409297, 
"mc_wait_time": 2370212.7541689621, 
"nt_service_time": 1273.7770373725848, 
"wt_preprocess_time": 3346.0856935048246, 
"wt_service_time": 3346.0856935048246, 
"wt_postprocess_time": 2370212.7541689621, 
"avg_q_len": 60.013788473650663, 
"tps": 3787.8428571428572
}