{
"r_time": 5368781.0273191538, 
"quing_time": 2299414.9378537461, 
"mc_wait_time": 3044717.4329546159, 
"nt_service_time": 1561.9818683048743, 
"wt_preprocess_time": 4761.4534014820456, 
"wt_service_time": 4761.4534014820456, 
"wt_postprocess_time": 3044717.4329546159, 
"avg_q_len": 11.616519729394309, 
"tps": 5766.9571428571426
}