{
"r_time": 4535899.2387950066, 
"quing_time": 262683.19311978156, 
"mc_wait_time": 4247024.0872155363, 
"nt_service_time": 3300.2651276276802, 
"wt_preprocess_time": 5381.4300476066983, 
"wt_service_time": 5381.4300476066983, 
"wt_postprocess_time": 4247024.0872155363, 
"avg_q_len": 3.4473595161301773, 
"tps": 6037.0428571428574
}