{
"r_time": 8698071.8792505823, 
"quing_time": 1283596.4600906745, 
"mc_wait_time": 7381472.1405373644, 
"nt_service_time": 4560.2013697322227, 
"wt_preprocess_time": 4011.4363488939266, 
"wt_service_time": 4011.4363488939266, 
"wt_postprocess_time": 7381472.1405373644, 
"avg_q_len": 10.044203367590075, 
"tps": 8099.9000000000005
}