{
"r_time": 28180089.735458761, 
"quing_time": 25757852.441827428, 
"mc_wait_time": 2405883.4066494228, 
"nt_service_time": 1292.2113570899419, 
"wt_preprocess_time": 3634.1219541188416, 
"wt_service_time": 3634.1219541188416, 
"wt_postprocess_time": 2405883.4066494228, 
"avg_q_len": 83.877442185388503, 
"tps": 3742.2571428571428
}