{
"r_time": 26383234.26988944, 
"quing_time": 23962736.327921733, 
"mc_wait_time": 2404425.5004570307, 
"nt_service_time": 1364.1247783394374, 
"wt_preprocess_time": 3013.828635189645, 
"wt_service_time": 3013.828635189645, 
"wt_postprocess_time": 2404425.5004570307, 
"avg_q_len": 77.931747384675361, 
"tps": 3737.5857142857139
}