{
"r_time": 6211852.7136825882, 
"quing_time": 2720599.8869720465, 
"mc_wait_time": 3464544.0962132104, 
"nt_service_time": 1378.3240449233112, 
"wt_preprocess_time": 6982.7617682040654, 
"wt_service_time": 6982.7617682040654, 
"wt_postprocess_time": 3464544.0962132104, 
"avg_q_len": 11.956420069815367, 
"tps": 5095.0714285714284
}