{
"r_time": 4442336.1988406042, 
"quing_time": 2068328.7734250431, 
"mc_wait_time": 2359149.5693276194, 
"nt_service_time": 1210.403549140532, 
"wt_preprocess_time": 2167.1216583624482, 
"wt_service_time": 2167.1216583624482, 
"wt_postprocess_time": 2359149.5693276194, 
"avg_q_len": 6.3450848019529689, 
"tps": 3792.0285714285715
}