{
"r_time": 27718873.475230169, 
"quing_time": 25337018.770211466, 
"mc_wait_time": 2365908.2588476385, 
"nt_service_time": 1278.0612992730044, 
"wt_preprocess_time": 3247.8157300020412, 
"wt_service_time": 3247.8157300020412, 
"wt_postprocess_time": 2365908.2588476385, 
"avg_q_len": 84.059907520225224, 
"tps": 3775.3428571428572
}