{
"r_time": 17406606.133063473, 
"quing_time": 15375429.272191893, 
"mc_wait_time": 2016501.9333261752, 
"nt_service_time": 1201.5151089519168, 
"wt_preprocess_time": 3336.3230524485416, 
"wt_service_time": 3336.3230524485416, 
"wt_postprocess_time": 2016501.9333261752, 
"avg_q_len": 59.792279845118955, 
"tps": 4423.6714285714288
}