{
"r_time": 3757829.8330598986, 
"quing_time": 1696867.447790904, 
"mc_wait_time": 2046253.6157508828, 
"nt_service_time": 1293.2515438017285, 
"wt_preprocess_time": 3208.8786580682799, 
"wt_service_time": 3208.8786580682799, 
"wt_postprocess_time": 2046253.6157508828, 
"avg_q_len": 6.2530445529137557, 
"tps": 4357.8999999999996
}