{
"r_time": 11335885.765137859, 
"quing_time": 6623490.6443698509, 
"mc_wait_time": 4683238.6323828259, 
"nt_service_time": 2213.3469324519356, 
"wt_preprocess_time": 3779.6981800064245, 
"wt_service_time": 3779.6981800064245, 
"wt_postprocess_time": 4683238.6323828259, 
"avg_q_len": 42.921480337680194, 
"tps": 7604.8285714285712
}