{
"r_time": 17374040.937255353, 
"quing_time": 15343848.762664471, 
"mc_wait_time": 2015339.8362940466, 
"nt_service_time": 1149.7623860692229, 
"wt_preprocess_time": 3433.5235382950441, 
"wt_service_time": 3433.5235382950441, 
"wt_postprocess_time": 2015339.8362940466, 
"avg_q_len": 59.719449647955557, 
"tps": 4423.1428571428569
}