{
"r_time": 2241220.8335425518, 
"quing_time": 20872.345271677754, 
"mc_wait_time": 2202658.0637050397, 
"nt_service_time": 1544.1064724330236, 
"wt_preprocess_time": 4768.9612378533602, 
"wt_service_time": 4768.9612378533602, 
"wt_postprocess_time": 2202658.0637050397, 
"avg_q_len": 0.32521489971346706, 
"tps": 1106.8285714285716
}