{
"r_time": 10058037.630493259, 
"quing_time": 7613635.5792168323, 
"mc_wait_time": 2427876.5982540394, 
"nt_service_time": 1293.5529821101677, 
"wt_preprocess_time": 3861.6340702451298, 
"wt_service_time": 3861.6340702451298, 
"wt_postprocess_time": 2427876.5982540394, 
"avg_q_len": 24.178367700004674, 
"tps": 3666.3428571428572
}