{
"r_time": 8771546.518045608, 
"quing_time": 6607744.0329983346, 
"mc_wait_time": 2146312.4078738927, 
"nt_service_time": 1564.9380835691222, 
"wt_preprocess_time": 4512.0745017332838, 
"wt_service_time": 4512.0745017332838, 
"wt_postprocess_time": 2146312.4078738927, 
"avg_q_len": 23.999149449035812, 
"tps": 4148.5714285714284
}