{
"r_time": 8915687.3260480799, 
"quing_time": 1054193.7365277098, 
"mc_wait_time": 7830469.3404739443, 
"nt_service_time": 5468.5218780608611, 
"wt_preprocess_time": 2417.8596744283504, 
"wt_service_time": 2417.8596744283504, 
"wt_postprocess_time": 7830469.3404739443, 
"avg_q_len": 9.118375188844448, 
"tps": 7725.5571428571429
}