{
"r_time": 9476265.6623032689, 
"quing_time": 4088963.5718703149, 
"mc_wait_time": 5356613.6899644565, 
"nt_service_time": 1918.4255808342448, 
"wt_preprocess_time": 3606.2603024486971, 
"wt_service_time": 3606.2603024486971, 
"wt_postprocess_time": 5356613.6899644565, 
"avg_q_len": 22.367818992345867, 
"tps": 6623.8714285714286
}