{
"r_time": 22710870.01902305, 
"quing_time": 20612482.489752319, 
"mc_wait_time": 2083216.4885212625, 
"nt_service_time": 1313.6075261359565, 
"wt_preprocess_time": 3090.7256905425556, 
"wt_service_time": 3090.7256905425556, 
"wt_postprocess_time": 2083216.4885212625, 
"avg_q_len": 77.717384436840547, 
"tps": 4296.0428571428565
}