{
"r_time": 17285608.447652027, 
"quing_time": 15268620.998491554, 
"mc_wait_time": 2002315.7604111559, 
"nt_service_time": 1187.7001721673951, 
"wt_preprocess_time": 2724.8635297573564, 
"wt_service_time": 2724.8635297573564, 
"wt_postprocess_time": 2002315.7604111559, 
"avg_q_len": 59.703282216755248, 
"tps": 4453.8714285714286
}