{
"r_time": 4322708.9225458317, 
"quing_time": 283419.303848885, 
"mc_wait_time": 4013292.6229981929, 
"nt_service_time": 3484.7457970241016, 
"wt_preprocess_time": 2961.6200864064463, 
"wt_service_time": 2961.6200864064463, 
"wt_postprocess_time": 4013292.6229981929, 
"avg_q_len": 3.4201876901051502, 
"tps": 6166.6999999999998
}