{
"r_time": 2264997.5109848054, 
"quing_time": 25417.532334269432, 
"mc_wait_time": 2219017.2285156376, 
"nt_service_time": 1470.9608669472541, 
"wt_preprocess_time": 9899.8660508554021, 
"wt_service_time": 9899.8660508554021, 
"wt_postprocess_time": 2219017.2285156376, 
"avg_q_len": 0.48999130807052138, 
"tps": 1101.1857142857143
}