{
"r_time": 4803548.4878172586, 
"quing_time": 337721.92710098089, 
"mc_wait_time": 4438203.9749139082, 
"nt_service_time": 5691.688641812033, 
"wt_preprocess_time": 4757.3267204811909, 
"wt_service_time": 4757.3267204811909, 
"wt_postprocess_time": 4438203.9749139082, 
"avg_q_len": 5.2677621474836958, 
"tps": 7701.7714285714283
}