{
"r_time": 8364946.0869720485, 
"quing_time": 1090847.1267910216, 
"mc_wait_time": 7242554.4856780544, 
"nt_service_time": 5717.4196671219825, 
"wt_preprocess_time": 3528.2084812466956, 
"wt_service_time": 3528.2084812466956, 
"wt_postprocess_time": 7242554.4856780544, 
"avg_q_len": 10.430093956963942, 
"tps": 8037.1142857142859
}