{
"r_time": 4270771.3862533923, 
"quing_time": 264933.09597978211, 
"mc_wait_time": 3982540.3154601157, 
"nt_service_time": 3757.5301681489736, 
"wt_preprocess_time": 4382.8787128848799, 
"wt_service_time": 4382.8787128848799, 
"wt_postprocess_time": 3982540.3154601157, 
"avg_q_len": 3.8274830748921698, 
"tps": 6233.3428571428576
}