{
"r_time": 13315635.530854475, 
"quing_time": 11200662.948711181, 
"mc_wait_time": 2099023.3842163542, 
"nt_service_time": 1377.7913163796727, 
"wt_preprocess_time": 3568.2596997901778, 
"wt_service_time": 3568.2596997901778, 
"wt_postprocess_time": 2099023.3842163542, 
"avg_q_len": 41.740872811448376, 
"tps": 4270.6000000000004
}