{
"r_time": 3811510.295727226, 
"quing_time": 228695.07375065674, 
"mc_wait_time": 3552015.9739148011, 
"nt_service_time": 2930.158499641183, 
"wt_preprocess_time": 5672.8600256689442, 
"wt_service_time": 5672.8600256689442, 
"wt_postprocess_time": 3552015.9739148011, 
"avg_q_len": 2.1759965123995002, 
"tps": 3702.9142857142861
}