{
"r_time": 4488098.625923329, 
"quing_time": 2095883.5958249273, 
"mc_wait_time": 2376254.1219154331, 
"nt_service_time": 1289.8861836231993, 
"wt_preprocess_time": 3243.7180639941839, 
"wt_service_time": 3243.7180639941839, 
"wt_postprocess_time": 2376254.1219154331, 
"avg_q_len": 6.3813472251818926, 
"tps": 3754.1714285714288
}