{
"r_time": 1918951.6582246625, 
"quing_time": 17946.108800002421, 
"mc_wait_time": 1887045.0842306316, 
"nt_service_time": 1322.039027349464, 
"wt_preprocess_time": 2747.7213321797412, 
"wt_service_time": 2747.7213321797412, 
"wt_postprocess_time": 1887045.0842306316, 
"avg_q_len": 0.24647338521137099, 
"tps": 1264.8714285714286
}