{
"r_time": 1926583.3844325277, 
"quing_time": 15935.949515200415, 
"mc_wait_time": 1897671.3557338794, 
"nt_service_time": 1260.749725147545, 
"wt_preprocess_time": 2206.6638700499016, 
"wt_service_time": 2206.6638700499016, 
"wt_postprocess_time": 1897671.3557338794, 
"avg_q_len": 0.17849114999265794, 
"tps": 1264.7285714285713
}