{
"r_time": 13086465.615722116, 
"quing_time": 7760435.5281923097, 
"mc_wait_time": 5296678.0571606038, 
"nt_service_time": 2017.315789324774, 
"wt_preprocess_time": 5227.5210692634337, 
"wt_service_time": 5227.5210692634337, 
"wt_postprocess_time": 5296678.0571606038, 
"avg_q_len": 44.611572765760748, 
"tps": 6799.2142857142862
}