{
"r_time": 3245564.4100657185, 
"quing_time": 199401.45180839117, 
"mc_wait_time": 3019135.5153045603, 
"nt_service_time": 2169.8450141451322, 
"wt_preprocess_time": 5415.2607810893769, 
"wt_service_time": 5415.2607810893769, 
"wt_postprocess_time": 3019135.5153045603, 
"avg_q_len": 2.1867364570256078, 
"tps": 4233.0857142857139
}