{
"r_time": 2248739.4630263681, 
"quing_time": 21458.981504731044, 
"mc_wait_time": 2211105.4241255964, 
"nt_service_time": 1476.533246462046, 
"wt_preprocess_time": 2893.9714950892267, 
"wt_service_time": 2893.9714950892267, 
"wt_postprocess_time": 2211105.4241255964, 
"avg_q_len": 0.2774654229655838, 
"tps": 1110.3571428571429
}