{
"r_time": 2248259.2377180816, 
"quing_time": 20846.180295767361, 
"mc_wait_time": 2211824.5717817233, 
"nt_service_time": 1498.768703053765, 
"wt_preprocess_time": 2278.5495949569959, 
"wt_service_time": 2278.5495949569959, 
"wt_postprocess_time": 2211824.5717817233, 
"avg_q_len": 0.21533108177259236, 
"tps": 1116.6857142857143
}