{
"r_time": 3228955.7094971174, 
"quing_time": 171757.17936877656, 
"mc_wait_time": 3032431.3709643004, 
"nt_service_time": 2626.2355183076734, 
"wt_preprocess_time": 4412.783495854088, 
"wt_service_time": 4412.783495854088, 
"wt_postprocess_time": 3032431.3709643004, 
"avg_q_len": 2.1914530747490497, 
"tps": 4397.5714285714284
}