{
"r_time": 8406149.5950324684, 
"quing_time": 3516729.4574833093, 
"mc_wait_time": 4859511.136786662, 
"nt_service_time": 2426.6342007975859, 
"wt_preprocess_time": 4334.8513005244531, 
"wt_service_time": 4334.8513005244531, 
"wt_postprocess_time": 4859511.136786662, 
"avg_q_len": 21.351897578937386, 
"tps": 7231.7714285714292
}