{
"r_time": 3329157.0319177303, 
"quing_time": 185917.59313416533, 
"mc_wait_time": 3118134.204547626, 
"nt_service_time": 2944.4583217330169, 
"wt_preprocess_time": 4284.3355904807413, 
"wt_service_time": 4284.3355904807413, 
"wt_postprocess_time": 3118134.204547626, 
"avg_q_len": 2.0522103830543665, 
"tps": 4114.6714285714288
}