{
"r_time": 3015127.065212206, 
"quing_time": 144722.55442461447, 
"mc_wait_time": 2847333.5372370528, 
"nt_service_time": 2914.9504086792008, 
"wt_preprocess_time": 3249.0853366696733, 
"wt_service_time": 3249.0853366696733, 
"wt_postprocess_time": 2847333.5372370528, 
"avg_q_len": 2.4570107217053847, 
"tps": 4531.528571428571
}