{
"r_time": 8375968.0174417077, 
"quing_time": 6314861.6263637198, 
"mc_wait_time": 2048583.8961134367, 
"nt_service_time": 1155.7371710237098, 
"wt_preprocess_time": 2006.9866089629672, 
"wt_service_time": 2006.9866089629672, 
"wt_postprocess_time": 2048583.8961134367, 
"avg_q_len": 22.724844924722888, 
"tps": 4518.5428571428574
}