{
"r_time": 24486294.691033527, 
"quing_time": 22368222.400134966, 
"mc_wait_time": 2103354.1957300995, 
"nt_service_time": 1441.8054263093923, 
"wt_preprocess_time": 2473.1542312936726, 
"wt_service_time": 2473.1542312936726, 
"wt_postprocess_time": 2103354.1957300995, 
"avg_q_len": 83.776418160248156, 
"tps": 4250.7285714285717
}