{
"r_time": 3720819.0832746415, 
"quing_time": 219855.81547336976, 
"mc_wait_time": 3470471.3238904164, 
"nt_service_time": 2255.5428570493095, 
"wt_preprocess_time": 6021.5767956033142, 
"wt_service_time": 6021.5767956033142, 
"wt_postprocess_time": 3470471.3238904164, 
"avg_q_len": 2.2512316389311415, 
"tps": 3775.457142857143
}