{
"r_time": 26321417.964625146, 
"quing_time": 23905392.155970111, 
"mc_wait_time": 2399845.8450785675, 
"nt_service_time": 1218.1707003218428, 
"wt_preprocess_time": 3446.2341697935399, 
"wt_service_time": 3446.2341697935399, 
"wt_postprocess_time": 2399845.8450785675, 
"avg_q_len": 77.76544475482369, 
"tps": 3748.6142857142859
}