{
"r_time": 8667166.995581463, 
"quing_time": 1124126.634698885, 
"mc_wait_time": 7513523.078248688, 
"nt_service_time": 5033.1751810942333, 
"wt_preprocess_time": 3144.0975624734988, 
"wt_service_time": 3144.0975624734988, 
"wt_postprocess_time": 7513523.078248688, 
"avg_q_len": 8.6681883126802841, 
"tps": 7948.7857142857138
}