{
"r_time": 11254820.099308191, 
"quing_time": 6156221.111290535, 
"mc_wait_time": 5064318.9747616723, 
"nt_service_time": 2567.3969028428874, 
"wt_preprocess_time": 4292.1662652628129, 
"wt_service_time": 4292.1662652628129, 
"wt_postprocess_time": 5064318.9747616723, 
"avg_q_len": 37.112676712817354, 
"tps": 7049.3714285714286
}