{
"r_time": 7004763.7589944098, 
"quing_time": 513264.65825601423, 
"mc_wait_time": 6460190.548202958, 
"nt_service_time": 5244.4777882916715, 
"wt_preprocess_time": 2959.3306677152623, 
"wt_service_time": 2959.3306677152623, 
"wt_postprocess_time": 6460190.548202958, 
"avg_q_len": 6.980853157665547, 
"tps": 7446.9571428571426
}