{
"r_time": 7179920.6920433436, 
"quing_time": 460354.90917681303, 
"mc_wait_time": 6690968.3715314073, 
"nt_service_time": 4384.5294311693169, 
"wt_preprocess_time": 2991.5301527032379, 
"wt_service_time": 2991.5301527032379, 
"wt_postprocess_time": 6690968.3715314073, 
"avg_q_len": 6.6434877598214062, 
"tps": 7493.471428571429
}