{
"r_time": 9919931.5499805585, 
"quing_time": 6511162.4433594793, 
"mc_wait_time": 3379627.1303267051, 
"nt_service_time": 1378.5542327069466, 
"wt_preprocess_time": 5220.7286023185497, 
"wt_service_time": 5220.7286023185497, 
"wt_postprocess_time": 3379627.1303267051, 
"avg_q_len": 29.665877641679973, 
"tps": 5286.8142857142857
}