{
"r_time": 7883461.8742723074, 
"quing_time": 1112839.3493210813, 
"mc_wait_time": 6743544.4051173804, 
"nt_service_time": 5876.0211905592059, 
"wt_preprocess_time": 2741.1926815431716, 
"wt_service_time": 2741.1926815431716, 
"wt_postprocess_time": 6743544.4051173804, 
"avg_q_len": 10.459802106690306, 
"tps": 8766.6285714285714
}