{
"r_time": 5905026.9740243936, 
"quing_time": 2492305.7016106886, 
"mc_wait_time": 3385174.9417463266, 
"nt_service_time": 1426.8681622101028, 
"wt_preprocess_time": 5584.9221235219184, 
"wt_service_time": 5584.9221235219184, 
"wt_postprocess_time": 3385174.9417463266, 
"avg_q_len": 11.617267557896639, 
"tps": 5218.0428571428565
}