{
"r_time": 15004108.501849243, 
"quing_time": 12067128.751820706, 
"mc_wait_time": 2912930.4590284498, 
"nt_service_time": 1429.0481655447409, 
"wt_preprocess_time": 5562.3649408864476, 
"wt_service_time": 5562.3649408864476, 
"wt_postprocess_time": 2912930.4590284498, 
"avg_q_len": 64.400672877966727, 
"tps": 6165.4142857142851
}