{
"r_time": 9976494.3159051947, 
"quing_time": 6548567.6167033566, 
"mc_wait_time": 3401096.1702854354, 
"nt_service_time": 1483.8337929311247, 
"wt_preprocess_time": 3842.1378951358201, 
"wt_service_time": 3842.1378951358201, 
"wt_postprocess_time": 3401096.1702854354, 
"avg_q_len": 29.554269293032451, 
"tps": 5259.4857142857145
}