{
"r_time": 20541384.818294521, 
"quing_time": 18154215.588917419, 
"mc_wait_time": 2371277.7341849254, 
"nt_service_time": 1197.7382774882517, 
"wt_preprocess_time": 3538.0766108257721, 
"wt_service_time": 3538.0766108257721, 
"wt_postprocess_time": 2371277.7341849254, 
"avg_q_len": 60.106052958680174, 
"tps": 3792.7142857142858
}