{
"r_time": 6107418.661044091, 
"quing_time": 2700870.2093875343, 
"mc_wait_time": 3378082.2580599161, 
"nt_service_time": 1372.0417837440955, 
"wt_preprocess_time": 6873.7888171848117, 
"wt_service_time": 6873.7888171848117, 
"wt_postprocess_time": 3378082.2580599161, 
"avg_q_len": 11.910842129981051, 
"tps": 5231.971428571429
}