{
"r_time": 3092986.4158272264, 
"quing_time": 149679.95549183682, 
"mc_wait_time": 2918393.5559050106, 
"nt_service_time": 3296.3776829149588, 
"wt_preprocess_time": 4952.8191408394323, 
"wt_service_time": 4952.8191408394323, 
"wt_postprocess_time": 2918393.5559050106, 
"avg_q_len": 2.2889909441220704, 
"tps": 4426.4857142857145
}