{
"r_time": 2869737.7548188912, 
"quing_time": 150308.92367900925, 
"mc_wait_time": 2697274.7581670857, 
"nt_service_time": 2002.6865028477846, 
"wt_preprocess_time": 4017.8659932764904, 
"wt_service_time": 4017.8659932764904, 
"wt_postprocess_time": 2697274.7581670857, 
"avg_q_len": 2.432133477706854, 
"tps": 4775.971428571429
}