{
"r_time": 4653727.4771434721, 
"quing_time": 298089.08768707945, 
"mc_wait_time": 4330427.2812456749, 
"nt_service_time": 2117.4422574800565, 
"wt_preprocess_time": 3237.9892214714882, 
"wt_service_time": 3237.9892214714882, 
"wt_postprocess_time": 4330427.2812456749, 
"avg_q_len": 3.9350129402176246, 
"tps": 5994.6000000000004
}