{
"r_time": 3132966.0235863589, 
"quing_time": 131398.17918740347, 
"mc_wait_time": 2976429.6827470628, 
"nt_service_time": 1893.0411326789342, 
"wt_preprocess_time": 6947.6741557394998, 
"wt_service_time": 6947.6741557394998, 
"wt_postprocess_time": 2976429.6827470628, 
"avg_q_len": 2.5003603408250212, 
"tps": 4479.8857142857141
}