{
"r_time": 13245412.525466509, 
"quing_time": 7823813.6562561831, 
"mc_wait_time": 5388887.4470897876, 
"nt_service_time": 2172.2281076128211, 
"wt_preprocess_time": 5818.6681121460042, 
"wt_service_time": 5818.6681121460042, 
"wt_postprocess_time": 5388887.4470897876, 
"avg_q_len": 44.131943073026228, 
"tps": 6655.1428571428569
}