{
"r_time": 5926291.2009841735, 
"quing_time": 2494715.3862467734, 
"mc_wait_time": 3402866.8503778535, 
"nt_service_time": 1760.2172927989709, 
"wt_preprocess_time": 4126.4419614077178, 
"wt_service_time": 4126.4419614077178, 
"wt_postprocess_time": 3402866.8503778535, 
"avg_q_len": 11.485257757875283, 
"tps": 5171.2428571428572
}