{
"r_time": 15260613.531313796, 
"quing_time": 12864902.121183179, 
"mc_wait_time": 2379524.7677080128, 
"nt_service_time": 1277.1252646935991, 
"wt_preprocess_time": 3524.0604611692625, 
"wt_service_time": 3524.0604611692625, 
"wt_postprocess_time": 2379524.7677080128, 
"avg_q_len": 42.032128027616174, 
"tps": 3774.1857142857143
}