{
"r_time": 3892834.1184097282, 
"quing_time": 1749567.6885381381, 
"mc_wait_time": 2127024.7940884228, 
"nt_service_time": 1392.0685352664532, 
"wt_preprocess_time": 3639.6325942758676, 
"wt_service_time": 3639.6325942758676, 
"wt_postprocess_time": 2127024.7940884228, 
"avg_q_len": 6.2280387591590767, 
"tps": 4172.2857142857138
}