{
"r_time": 2277683.074116474, 
"quing_time": 20379.153360277935, 
"mc_wait_time": 2241676.4171395162, 
"nt_service_time": 1502.352936341706, 
"wt_preprocess_time": 4663.8281579654722, 
"wt_service_time": 4663.8281579654722, 
"wt_postprocess_time": 2241676.4171395162, 
"avg_q_len": 0.25082196984582333, 
"tps": 1090.5857142857144
}