{
"r_time": 15093670.513221957, 
"quing_time": 11327177.515595578, 
"mc_wait_time": 3736248.3064349089, 
"nt_service_time": 1695.2193463402475, 
"wt_preprocess_time": 6084.0404801675459, 
"wt_service_time": 6084.0404801675459, 
"wt_postprocess_time": 3736248.3064349089, 
"avg_q_len": 47.149901037605709, 
"tps": 4763.7142857142853
}