{
"r_time": 2633022.6098417183, 
"quing_time": 125162.92882505973, 
"mc_wait_time": 2490837.2892591138, 
"nt_service_time": 1374.8400987437471, 
"wt_preprocess_time": 2740.3216731282018, 
"wt_service_time": 2740.3216731282018, 
"wt_postprocess_time": 2490837.2892591138, 
"avg_q_len": 2.5186373345305633, 
"tps": 5250.2142857142862
}