{
"r_time": 5468784.2810058519, 
"quing_time": 344301.57493930473, 
"mc_wait_time": 5096460.4081523642, 
"nt_service_time": 4506.1774230751544, 
"wt_preprocess_time": 3122.0804001574161, 
"wt_service_time": 3122.0804001574161, 
"wt_postprocess_time": 5096460.4081523642, 
"avg_q_len": 5.3664924533371581, 
"tps": 7071.2428571428572
}