{
"r_time": 4809630.3298973711, 
"quing_time": 326949.2303557854, 
"mc_wait_time": 4458658.9584750589, 
"nt_service_time": 4375.6626139425762, 
"wt_preprocess_time": 4049.7048927180995, 
"wt_service_time": 4049.7048927180995, 
"wt_postprocess_time": 4458658.9584750589, 
"avg_q_len": 5.3158801043849007, 
"tps": 7773.4285714285716
}