{
"r_time": 1918814.6934329211, 
"quing_time": 20835.533150923871, 
"mc_wait_time": 1881103.0013782866, 
"nt_service_time": 1377.7355461544566, 
"wt_preprocess_time": 5969.5718014100903, 
"wt_service_time": 5969.5718014100903, 
"wt_postprocess_time": 1881103.0013782866, 
"avg_q_len": 0.29633347243055475, 
"tps": 1266.6714285714286
}