{
"r_time": 15422047.557420999, 
"quing_time": 12407670.009113457, 
"mc_wait_time": 2990580.7580931247, 
"nt_service_time": 1398.1894539208613, 
"wt_preprocess_time": 3371.8158339830311, 
"wt_service_time": 3371.8158339830311, 
"wt_postprocess_time": 2990580.7580931247, 
"avg_q_len": 64.77593939585671, 
"tps": 5870.4142857142851
}