{
"r_time": 24879504.280488227, 
"quing_time": 22729465.015059695, 
"mc_wait_time": 2134197.781243274, 
"nt_service_time": 1523.5121224152967, 
"wt_preprocess_time": 2651.5774936239263, 
"wt_service_time": 2651.5774936239263, 
"wt_postprocess_time": 2134197.781243274, 
"avg_q_len": 83.620837229127716, 
"tps": 4155.8857142857141
}