{
"r_time": 1911438.0471592634, 
"quing_time": 18380.89520439316, 
"mc_wait_time": 1877350.1483704606, 
"nt_service_time": 1353.9095403575984, 
"wt_preprocess_time": 4749.0426202841463, 
"wt_service_time": 4749.0426202841463, 
"wt_postprocess_time": 1877350.1483704606, 
"avg_q_len": 0.26644884074836628, 
"tps": 1276.6857142857143
}