{
"r_time": 7471618.0124805626, 
"quing_time": 916473.9707521823, 
"mc_wait_time": 6528358.3893091055, 
"nt_service_time": 5132.1165995600222, 
"wt_preprocess_time": 2634.8178559037706, 
"wt_service_time": 2634.8178559037706, 
"wt_postprocess_time": 6528358.3893091055, 
"avg_q_len": 10.09675107461654, 
"tps": 8630.9857142857127
}