{
"r_time": 27623719.997299604, 
"quing_time": 25248155.928100049, 
"mc_wait_time": 2358385.5249652732, 
"nt_service_time": 1230.9193412430177, 
"wt_preprocess_time": 4483.4522594309183, 
"wt_service_time": 4483.4522594309183, 
"wt_postprocess_time": 2358385.5249652732, 
"avg_q_len": 83.900116536972291, 
"tps": 3800.1428571428569
}