{
"r_time": 6003882.9478991348, 
"quing_time": 1194954.3291962096, 
"mc_wait_time": 4776814.7847062964, 
"nt_service_time": 3277.055774722387, 
"wt_preprocess_time": 4541.354886947337, 
"wt_service_time": 4541.354886947337, 
"wt_postprocess_time": 4776814.7847062964, 
"avg_q_len": 7.3884792747842365, 
"tps": 7066.2714285714283
}