{
"r_time": 4251702.5536232423, 
"quing_time": 253473.3261844347, 
"mc_wait_time": 3965933.9009036608, 
"nt_service_time": 4457.9133474370619, 
"wt_preprocess_time": 10544.443472789699, 
"wt_service_time": 10544.443472789699, 
"wt_postprocess_time": 3965933.9009036608, 
"avg_q_len": 3.3039871017741982, 
"tps": 6193.5428571428574
}