{
"r_time": 3430111.4146079738, 
"quing_time": 159769.61331559217, 
"mc_wait_time": 3241683.1871576179, 
"nt_service_time": 2916.7335455784137, 
"wt_preprocess_time": 6123.9334630060166, 
"wt_service_time": 6123.9334630060166, 
"wt_postprocess_time": 3241683.1871576179, 
"avg_q_len": 2.4174710630846112, 
"tps": 4013.6571428571424
}