{
"r_time": 6289050.9307341352, 
"quing_time": 468182.31519779784, 
"mc_wait_time": 5792618.6783948429, 
"nt_service_time": 5569.8742781375659, 
"wt_preprocess_time": 3365.4396463486728, 
"wt_service_time": 3365.4396463486728, 
"wt_postprocess_time": 5792618.6783948429, 
"avg_q_len": 7.6089586224724579, 
"tps": 7792.0142857142855
}