{
"r_time": 4822592.8323802697, 
"quing_time": 314297.16685487807, 
"mc_wait_time": 4478147.2760614976, 
"nt_service_time": 3413.6035102894975, 
"wt_preprocess_time": 5834.8875067920708, 
"wt_service_time": 5834.8875067920708, 
"wt_postprocess_time": 4478147.2760614976, 
"avg_q_len": 3.4991133688666176, 
"tps": 5599.0428571428565
}