{
"r_time": 22250296.909804299, 
"quing_time": 20196651.694547243, 
"mc_wait_time": 2038095.7459520944, 
"nt_service_time": 1326.8199863115208, 
"wt_preprocess_time": 2871.5006564537407, 
"wt_service_time": 2871.5006564537407, 
"wt_postprocess_time": 2038095.7459520944, 
"avg_q_len": 77.870952966733839, 
"tps": 4366.5142857142855
}