{
"r_time": 7631566.4329558834, 
"quing_time": 906496.93280378869, 
"mc_wait_time": 6697124.9181617312, 
"nt_service_time": 5329.6186135636508, 
"wt_preprocess_time": 2774.8711750481916, 
"wt_service_time": 2774.8711750481916, 
"wt_postprocess_time": 6697124.9181617312, 
"avg_q_len": 10.50742451082129, 
"tps": 8411.3285714285703
}