{
"r_time": 9006825.8593401592, 
"quing_time": 1416360.4316988669, 
"mc_wait_time": 7562144.2093386911, 
"nt_service_time": 5055.7387733092428, 
"wt_preprocess_time": 2717.8353498564966, 
"wt_service_time": 2717.8353498564966, 
"wt_postprocess_time": 7562144.2093386911, 
"avg_q_len": 9.8202888890439937, 
"tps": 8187.028571428571
}