{
"r_time": 8839662.5824581869, 
"quing_time": 5741847.1985423537, 
"mc_wait_time": 3074012.2927626171, 
"nt_service_time": 1413.2500902135416, 
"wt_preprocess_time": 3723.8959546501478, 
"wt_service_time": 3723.8959546501478, 
"wt_postprocess_time": 3074012.2927626171, 
"avg_q_len": 29.150251896963621, 
"tps": 5770.5
}