{
"r_time": 4471006.8121701749, 
"quing_time": 2075886.0567769739, 
"mc_wait_time": 2380176.89724153, 
"nt_service_time": 1213.0183244551483, 
"wt_preprocess_time": 2619.3614765330376, 
"wt_service_time": 2619.3614765330376, 
"wt_postprocess_time": 2380176.89724153, 
"avg_q_len": 6.3403567120389361, 
"tps": 3754.1285714285714
}