{
"r_time": 12385388.039878234, 
"quing_time": 6954785.7276515374, 
"mc_wait_time": 5396162.2246021833, 
"nt_service_time": 2589.1856872266994, 
"wt_preprocess_time": 5597.3336172207228, 
"wt_service_time": 5597.3336172207228, 
"wt_postprocess_time": 5396162.2246021833, 
"avg_q_len": 38.962068047311867, 
"tps": 6652.5142857142855
}