{
"r_time": 7129767.3149917414, 
"quing_time": 802505.91279033828, 
"mc_wait_time": 6300240.8586239293, 
"nt_service_time": 3690.7879631889473, 
"wt_preprocess_time": 3605.0344819598754, 
"wt_service_time": 3605.0344819598754, 
"wt_postprocess_time": 6300240.8586239293, 
"avg_q_len": 9.6812340539499218, 
"tps": 9121.1571428571442
}