{
"r_time": 8807825.6545023527, 
"quing_time": 1283478.2884596495, 
"mc_wait_time": 7498263.1346878074, 
"nt_service_time": 5223.9654790274089, 
"wt_preprocess_time": 2841.7140909550776, 
"wt_service_time": 2841.7140909550776, 
"wt_postprocess_time": 7498263.1346878074, 
"avg_q_len": 9.7250077949586213, 
"tps": 8201.2714285714283
}