{
"r_time": 11537134.877285939, 
"quing_time": 6704042.2188642677, 
"mc_wait_time": 4800483.573489435, 
"nt_service_time": 2910.9720897162561, 
"wt_preprocess_time": 5932.1587716754893, 
"wt_service_time": 5932.1587716754893, 
"wt_postprocess_time": 4800483.573489435, 
"avg_q_len": 41.969868194952433, 
"tps": 7440.6428571428569
}