{
"r_time": 4460900.1929200664, 
"quing_time": 289623.71287585644, 
"mc_wait_time": 4147545.4856712334, 
"nt_service_time": 2924.921326662412, 
"wt_preprocess_time": 3009.3199351502972, 
"wt_service_time": 3009.3199351502972, 
"wt_postprocess_time": 4147545.4856712334, 
"avg_q_len": 4.0005968109232786, 
"tps": 6103.8714285714277
}