{
"r_time": 9949558.3807265833, 
"quing_time": 7533150.0431328025, 
"mc_wait_time": 2400494.0664361506, 
"nt_service_time": 1249.9600010518188, 
"wt_preprocess_time": 3027.5050033023408, 
"wt_service_time": 3027.5050033023408, 
"wt_postprocess_time": 2400494.0664361506, 
"avg_q_len": 24.141678371458422, 
"tps": 3732.6999999999998
}