{
"r_time": 20415109.355154604, 
"quing_time": 16716337.497606669, 
"mc_wait_time": 3669634.4881121702, 
"nt_service_time": 1617.9412765076195, 
"wt_preprocess_time": 6534.0750322869862, 
"wt_service_time": 6534.0750322869862, 
"wt_postprocess_time": 3669634.4881121702, 
"avg_q_len": 71.091736833832087, 
"tps": 4816.7285714285717
}