{
"r_time": 5994636.952496863, 
"quing_time": 462570.23919521866, 
"mc_wait_time": 5507396.7839512248, 
"nt_service_time": 5773.8740523647411, 
"wt_preprocess_time": 2808.9849935448447, 
"wt_service_time": 2808.9849935448447, 
"wt_postprocess_time": 5507396.7839512248, 
"avg_q_len": 7.8309655201465969, 
"tps": 8138.9142857142851
}