{
"r_time": 10518883.991759816, 
"quing_time": 7854346.4752048654, 
"mc_wait_time": 2648912.0266956734, 
"nt_service_time": 1335.4084079351355, 
"wt_preprocess_time": 3380.5786799793245, 
"wt_service_time": 3380.5786799793245, 
"wt_postprocess_time": 2648912.0266956734, 
"avg_q_len": 23.956639034678961, 
"tps": 3494.9142857142861
}