{
"r_time": 13430406.315872543, 
"quing_time": 7535847.2085597469, 
"mc_wait_time": 5854924.0073247962, 
"nt_service_time": 1867.1780336804845, 
"wt_preprocess_time": 7584.5714146669661, 
"wt_service_time": 7584.5714146669661, 
"wt_postprocess_time": 5854924.0073247962, 
"avg_q_len": 39.350143293289193, 
"tps": 6106.3571428571431
}