{
"r_time": 1943382.5891478329, 
"quing_time": 16347.909805052548, 
"mc_wait_time": 1913054.0657432457, 
"nt_service_time": 1289.4811193134854, 
"wt_preprocess_time": 3500.5479026178186, 
"wt_service_time": 3500.5479026178186, 
"wt_postprocess_time": 1913054.0657432457, 
"avg_q_len": 0.20098374874463618, 
"tps": 1251.7714285714285
}