{
"r_time": 4622587.562256163, 
"quing_time": 243150.46008496429, 
"mc_wait_time": 4358367.2719615391, 
"nt_service_time": 3710.9797984366423, 
"wt_preprocess_time": 2570.4581900421936, 
"wt_service_time": 2570.4581900421936, 
"wt_postprocess_time": 4358367.2719615391, 
"avg_q_len": 4.0188698872887114, 
"tps": 5905.1000000000004
}