{
"r_time": 7962246.3170016315, 
"quing_time": 1154343.3518353058, 
"mc_wait_time": 6780823.3568670293, 
"nt_service_time": 5632.9082092749131, 
"wt_preprocess_time": 2627.9817301676298, 
"wt_service_time": 2627.9817301676298, 
"wt_postprocess_time": 6780823.3568670293, 
"avg_q_len": 10.489670933845177, 
"tps": 8782.4285714285706
}