{
"r_time": 8526527.5529758614, 
"quing_time": 919912.82678059302, 
"mc_wait_time": 7571589.2898935061, 
"nt_service_time": 8382.2922667328985, 
"wt_preprocess_time": 2284.2234647810901, 
"wt_service_time": 2284.2234647810901, 
"wt_postprocess_time": 7571589.2898935061, 
"avg_q_len": 9.3245661744709931, 
"tps": 7774.6857142857143
}