{
"r_time": 5666010.329333107, 
"quing_time": 326671.13250324235, 
"mc_wait_time": 5313897.6321751717, 
"nt_service_time": 5026.2987674287797, 
"wt_preprocess_time": 2575.1919065022048, 
"wt_service_time": 2575.1919065022048, 
"wt_postprocess_time": 5313897.6321751717, 
"avg_q_len": 5.3418748624722827, 
"tps": 6751.8857142857141
}