{
"r_time": 12919026.639803054, 
"quing_time": 7232411.3872870849, 
"mc_wait_time": 5651444.5666348469, 
"nt_service_time": 2105.713548139488, 
"wt_preprocess_time": 5571.0116584514308, 
"wt_service_time": 5571.0116584514308, 
"wt_postprocess_time": 5651444.5666348469, 
"avg_q_len": 39.400302029557359, 
"tps": 6328.6142857142859
}