{
"r_time": 16837433.582469642, 
"quing_time": 13532570.980094183, 
"mc_wait_time": 3271242.101790674, 
"nt_service_time": 1630.5438761501914, 
"wt_preprocess_time": 8826.6400165800842, 
"wt_service_time": 8826.6400165800842, 
"wt_postprocess_time": 3271242.101790674, 
"avg_q_len": 64.416222661931783, 
"tps": 5450.9285714285706
}