{
"r_time": 4813787.342671101, 
"quing_time": 273675.09257779317, 
"mc_wait_time": 4513521.5000807373, 
"nt_service_time": 3793.8265413554705, 
"wt_preprocess_time": 3616.0111606984351, 
"wt_service_time": 3616.0111606984351, 
"wt_postprocess_time": 4513521.5000807373, 
"avg_q_len": 3.4325312091429034, 
"tps": 5659.971428571429
}