{
"r_time": 1906485.4575904254, 
"quing_time": 18863.570088565786, 
"mc_wait_time": 1873567.6931800088, 
"nt_service_time": 1263.8293831251435, 
"wt_preprocess_time": 3486.8658897451678, 
"wt_service_time": 3486.8658897451678, 
"wt_postprocess_time": 1873567.6931800088, 
"avg_q_len": 0.40439430590700837, 
"tps": 1281.5285714285715
}