{
"r_time": 9881293.1755980961, 
"quing_time": 7469532.657067107, 
"mc_wait_time": 2396272.8588553164, 
"nt_service_time": 1241.1322490675439, 
"wt_preprocess_time": 2876.0285388892316, 
"wt_service_time": 2876.0285388892316, 
"wt_postprocess_time": 2396272.8588553164, 
"avg_q_len": 22.71821055901756, 
"tps": 3908.6428571428573
}