{
"r_time": 6442877.470729731, 
"quing_time": 2826105.869221291, 
"mc_wait_time": 3587936.0439973576, 
"nt_service_time": 1874.3755498370949, 
"wt_preprocess_time": 6400.4482615722618, 
"wt_service_time": 6400.4482615722618, 
"wt_postprocess_time": 3587936.0439973576, 
"avg_q_len": 11.886377672174591, 
"tps": 4927.1000000000004
}