{
"r_time": 15331132.389545135, 
"quing_time": 11501001.742855109, 
"mc_wait_time": 3802488.0554589299, 
"nt_service_time": 1492.6965042099964, 
"wt_preprocess_time": 5473.853569634266, 
"wt_service_time": 5473.853569634266, 
"wt_postprocess_time": 3802488.0554589299, 
"avg_q_len": 47.167708981960274, 
"tps": 4749.0428571428574
}