{
"r_time": 18794901.280610159, 
"quing_time": 15152966.569607556, 
"mc_wait_time": 3612108.5429211184, 
"nt_service_time": 1641.668079215422, 
"wt_preprocess_time": 7453.6711224048358, 
"wt_service_time": 7453.6711224048358, 
"wt_postprocess_time": 3612108.5429211184, 
"avg_q_len": 65.124034553136028, 
"tps": 4997.6857142857134
}