{
"r_time": 6606038.1183631644, 
"quing_time": 1371442.8174344278, 
"mc_wait_time": 5205642.6563077085, 
"nt_service_time": 3802.8890627712658, 
"wt_preprocess_time": 4908.8893996847837, 
"wt_service_time": 4908.8893996847837, 
"wt_postprocess_time": 5205642.6563077085, 
"avg_q_len": 7.8232563073027039, 
"tps": 6464.7285714285717
}