{
"r_time": 12958271.506455503, 
"quing_time": 9689491.9897938482, 
"mc_wait_time": 3241969.4967907332, 
"nt_service_time": 1350.8481235460094, 
"wt_preprocess_time": 5391.9462566585162, 
"wt_service_time": 5391.9462566585162, 
"wt_postprocess_time": 3241969.4967907332, 
"avg_q_len": 46.897606576458607, 
"tps": 5498.3999999999996
}