{
"r_time": 22673365.841239356, 
"quing_time": 20581355.42936831, 
"mc_wait_time": 2075955.8612374235, 
"nt_service_time": 1382.9639924874677, 
"wt_preprocess_time": 3571.5135387479768, 
"wt_service_time": 3571.5135387479768, 
"wt_postprocess_time": 2075955.8612374235, 
"avg_q_len": 77.673740159723323, 
"tps": 4262.7285714285717
}