{
"r_time": 18585947.133660503, 
"quing_time": 14991149.311131291, 
"mc_wait_time": 3561687.981221905, 
"nt_service_time": 1610.6715133153625, 
"wt_preprocess_time": 5798.0931142463942, 
"wt_service_time": 5798.0931142463942, 
"wt_postprocess_time": 3561687.981221905, 
"avg_q_len": 65.335346718599297, 
"tps": 5021.1571428571424
}