{
"r_time": 12291616.821235519, 
"quing_time": 9195163.1981545091, 
"mc_wait_time": 3069460.2691151272, 
"nt_service_time": 1521.6338096454606, 
"wt_preprocess_time": 6146.449477854163, 
"wt_service_time": 6146.449477854163, 
"wt_postprocess_time": 3069460.2691151272, 
"avg_q_len": 46.869904032045646, 
"tps": 5748.9428571428571
}