{
"r_time": 18004355.415699445, 
"quing_time": 14719191.599951137, 
"mc_wait_time": 3251379.0865052673, 
"nt_service_time": 1671.5424834021312, 
"wt_preprocess_time": 6306.2131080349245, 
"wt_service_time": 6306.2131080349245, 
"wt_postprocess_time": 3251379.0865052673, 
"avg_q_len": 70.44596139761093, 
"tps": 5422.3142857142857
}