{
"r_time": 3337967.9934107903, 
"quing_time": 139298.05017059128, 
"mc_wait_time": 3173805.2945358329, 
"nt_service_time": 2179.5905166972561, 
"wt_preprocess_time": 4724.2200148541024, 
"wt_service_time": 4724.2200148541024, 
"wt_postprocess_time": 3173805.2945358329, 
"avg_q_len": 2.4412821476143312, 
"tps": 4182.7142857142862
}