{
"r_time": 1941698.7276830613, 
"quing_time": 21095.713722572204, 
"mc_wait_time": 1906167.2622174474, 
"nt_service_time": 1280.0251288986224, 
"wt_preprocess_time": 5485.3670358483305, 
"wt_service_time": 5485.3670358483305, 
"wt_postprocess_time": 1906167.2622174474, 
"avg_q_len": 0.27810313138577802, 
"tps": 1251.3857142857141
}