{
"r_time": 5765684.2355733644, 
"quing_time": 1139054.5289066061, 
"mc_wait_time": 4602227.1861238936, 
"nt_service_time": 2615.0038971055437, 
"wt_preprocess_time": 3121.4021471224041, 
"wt_service_time": 3121.4021471224041, 
"wt_postprocess_time": 4602227.1861238936, 
"avg_q_len": 7.6902188631895614, 
"tps": 7332.0428571428565
}