{
"r_time": 19557238.340820607, 
"quing_time": 16017946.989979858, 
"mc_wait_time": 3512628.6024591643, 
"nt_service_time": 1733.4174928932309, 
"wt_preprocess_time": 4147.2264241469093, 
"wt_service_time": 4147.2264241469093, 
"wt_postprocess_time": 3512628.6024591643, 
"avg_q_len": 71.182038576747573, 
"tps": 5103.0
}