{
"r_time": 17381006.836503167, 
"quing_time": 14192963.64389365, 
"mc_wait_time": 3159433.5418381472, 
"nt_service_time": 1811.62169284531, 
"wt_preprocess_time": 7192.248667831338, 
"wt_service_time": 7192.248667831338, 
"wt_postprocess_time": 3159433.5418381472, 
"avg_q_len": 70.024471632316718, 
"tps": 5608.2428571428572
}