{
"r_time": 5862669.4249806982, 
"quing_time": 1143134.4045368154, 
"mc_wait_time": 4687595.9842851181, 
"nt_service_time": 3803.2487096069131, 
"wt_preprocess_time": 3523.5642519976782, 
"wt_service_time": 3523.5642519976782, 
"wt_postprocess_time": 4687595.9842851181, 
"avg_q_len": 7.4196922006359891, 
"tps": 7062.1142857142859
}