{
"r_time": 5017714.2379275942, 
"quing_time": 353655.33959701052, 
"mc_wait_time": 4642470.9301876053, 
"nt_service_time": 4857.2042492804485, 
"wt_preprocess_time": 2650.8271258961931, 
"wt_service_time": 2650.8271258961931, 
"wt_postprocess_time": 4642470.9301876053, 
"avg_q_len": 5.3917900538125547, 
"tps": 7584.5285714285719
}