{
"r_time": 2866019.5493006958, 
"quing_time": 153469.71689084088, 
"mc_wait_time": 2686769.3468763623, 
"nt_service_time": 1669.5473167219745, 
"wt_preprocess_time": 9325.5440180767146, 
"wt_service_time": 9325.5440180767146, 
"wt_postprocess_time": 2686769.3468763623, 
"avg_q_len": 2.5415917081143369, 
"tps": 4859.8285714285721
}