{
"r_time": 15178019.355791114, 
"quing_time": 12791207.918157892, 
"mc_wait_time": 2370849.4529316952, 
"nt_service_time": 1312.2314704493733, 
"wt_preprocess_time": 3398.8415873235817, 
"wt_service_time": 3398.8415873235817, 
"wt_postprocess_time": 2370849.4529316952, 
"avg_q_len": 42.199299788123589, 
"tps": 3782.5285714285715
}