{
"r_time": 8126597.9051215788, 
"quing_time": 3372542.3197092535, 
"mc_wait_time": 4722687.3403664511, 
"nt_service_time": 2619.2354261317801, 
"wt_preprocess_time": 6825.3901436836077, 
"wt_service_time": 6825.3901436836077, 
"wt_postprocess_time": 4722687.3403664511, 
"avg_q_len": 21.153370576432824, 
"tps": 7525.8428571428567
}